#include <Arduino.h>
static const uint8_t indexhtm[] = {
0x1F, 0x8B, 0x08, 0x00, 0x24, 0x6B, 0x3A, 0x6A, 0x02, 0xFF, 0xED, 0x7D, 0xEB, 0x76, 0xDB, 0x46, 0xD2, 0xE0, 0xFF, 0x3D, 0x67,
0xDF, 0xA1, 0x8D, 0x78, 0x42, 0x72, 0x42, 0x82, 0x94, 0x64, 0xF9, 0x22, 0x99, 0xF2, 0x48, 0xB2, 0x9D, 0x78, 0xE2, 0xDB, 0x67,
0xC9, 0xF1, 0x37, 0xB1, 0xFD, 0x8D, 0x41, 0x02, 0x24, 0x11, 0x83, 0x00, 0x03, 0x80, 0xBA, 0xC4, 0xA3, 0x73, 0xF6, 0x59, 0xF6,
0xD1, 0xF6, 0x49, 0xB6, 0xAA, 0x2F, 0x40, 0xDF, 0x00, 0x82, 0x92, 0x9C, 0xD8, 0x33, 0xC9, 0x99, 0xB1, 0x08, 0xA0, 0xBB, 0xBA,
0xBB, 0xBA, 0xAA, 0xBA, 0xBA, 0xEB, 0xD2, 0xF7, 0x6F, 0x3C, 0x7C, 0x71, 0x78, 0xFC, 0x8F, 0x97, 0x8F, 0xC8, 0x2C, 0x9F, 0x47,
0x7B, 0xFF, 0xFB, 0x7F, 0xDD, 0xC7, 0xBF, 0x24, 0xF2, 0xE2, 0xE9, 0xD0, 0x09, 0x62, 0x87, 0xBE, 0x09, 0x3C, 0x1F, 0xFE, 0x12,
0x72, 0x3F, 0x0A, 0xE3, 0x8F, 0x64, 0x96, 0x06, 0x93, 0xA1, 0x33, 0xCB, 0xF3, 0x45, 0xB6, 0xD3, 0xEF, 0x8F, 0xFD, 0xD8, 0xFD,
0x25, 0xF3, 0x83, 0x28, 0x3C, 0x49, 0xDD, 0x38, 0xC8, 0xFB, 0xF1, 0x62, 0xDE, 0x1F, 0x25, 0x49, 0x9E, 0xE5, 0xA9, 0xB7, 0xF8,
0xDB, 0xB6, 0xBB, 0xE5, 0xDE, 0xED, 0xFB, 0x61, 0x96, 0xF7, 0xC7, 0x59, 0x56, 0x7E, 0x70, 0xE7, 0x61, 0xEC, 0xC2, 0x1B, 0x87,
0xA4, 0x41, 0x34, 0x74, 0xB2, 0xFC, 0x3C, 0x0A, 0xB2, 0x59, 0x10, 0xE4, 0x0E, 0x09, 0xE3, 0x3C, 0x98, 0xA6, 0x61, 0x7E, 0x0E,
0xAF, 0x67, 0xDE, 0xD6, 0xDD, 0x5B, 0xBD, 0xEC, 0xD5, 0x93, 0xE8, 0xD6, 0xC7, 0xB3, 0x27, 0x4F, 0x1F, 0x9F, 0xFC, 0xE3, 0xD6,
0x9D, 0xBF, 0x6F, 0xDC, 0x1E, 0xA7, 0xF7, 0x7E, 0x3E, 0x3D, 0x18, 0xDC, 0x39, 0x79, 0x79, 0xEB, 0xEF, 0x77, 0xBF, 0x7B, 0xFA,
0xC3, 0x9D, 0x5F, 0x7F, 0xFC, 0xAF, 0x78, 0xF9, 0xEB, 0xC7, 0xE5, 0x93, 0xFD, 0x93, 0xE7, 0x6F, 0x9E, 0xFE, 0x16, 0x3C, 0xBF,
0x9B, 0x3F, 0xDA, 0xFE, 0xC7, 0xC1, 0xF2, 0x97, 0x9F, 0x7F, 0xFD, 0xFB, 0xD3, 0x03, 0x87, 0x8C, 0xD3, 0x24, 0xCB, 0x92, 0x34,
0x9C, 0x86, 0xF1, 0xD0, 0xF1, 0xE2, 0x24, 0x3E, 0x9F, 0x27, 0xCB, 0xCC, 0x91, 0x46, 0x65, 0x74, 0x63, 0x9D, 0x61, 0xF6, 0xC2,
0x71, 0x12, 0x67, 0x7F, 0xDB, 0x70, 0x37, 0x36, 0xDC, 0xAD, 0xFE, 0x24, 0x89, 0x73, 0xFD, 0x5B, 0x31, 0x5E, 0xD6, 0x64, 0x36,
0x4E, 0xC3, 0x45, 0x4E, 0xB2, 0x74, 0x5C, 0x36, 0xE1, 0xFD, 0xE2, 0x9D, 0xB9, 0xD3, 0x24, 0x99, 0x46, 0x81, 0xB7, 0x08, 0x33,
0x77, 0x9C, 0xCC, 0xE9, 0xBB, 0x7E, 0x14, 0x8E, 0xB2, 0xFE, 0x2F, 0xBF, 0x2E, 0x83, 0xF4, 0xBC, 0xBF, 0xE5, 0xDE, 0x71, 0x37,
0xF8, 0x03, 0x85, 0xF9, 0x0B, 0x80, 0xBC, 0xDF, 0x67, 0xF0, 0xAA, 0x61, 0x43, 0xF7, 0x7F, 0x01, 0x88, 0x51, 0xB2, 0xF4, 0x27,
0x91, 0x97, 0x06, 0x1A, 0xF0, 0xB2, 0xB3, 0x5B, 0xBD, 0xFC, 0x7C, 0x11, 0x78, 0x38, 0xE5, 0xFD, 0x5B, 0xEE, 0xC0, 0xDD, 0x2C,
0xBF, 0x49, 0x9F, 0x2A, 0x5A, 0x9E, 0x07, 0xB9, 0x47, 0xC6, 0x33, 0x2F, 0xCD, 0x82, 0x7C, 0xE8, 0xBC, 0x3E, 0x7E, 0xDC, 0xBB,
0xEB, 0x48, 0x5F, 0x62, 0x6F, 0x1E, 0x0C, 0x9D, 0x93, 0x30, 0x38, 0x5D, 0x24, 0x29, 0x60, 0x18, 0xF0, 0x92, 0x07, 0x31, 0x94,
0x5C, 0x66, 0x41, 0xDA, 0xCB, 0xC6, 0x5E, 0xE4, 0x8D, 0xA2, 0x60, 0x18, 0x27, 0x5D, 0xA0, 0x81, 0x30, 0x0F, 0xBD, 0x88, 0xBE,
0x0C, 0x86, 0x1B, 0x5D, 0x32, 0xF7, 0xCE, 0xC2, 0xF9, 0x72, 0x2E, 0xBD, 0x80, 0x22, 0xCA, 0x8B, 0xD3, 0xD0, 0xCF, 0x67, 0x43,
0x3F, 0x38, 0x09, 0xC7, 0x41, 0x8F, 0x3E, 0x98, 0x6D, 0x7B, 0x8B, 0x45, 0x14, 0xF4, 0xE6, 0xC9, 0x28, 0x84, 0x3F, 0xA7, 0xC1,
0xA8, 0x07, 0x2F, 0x7A, 0x63, 0x6F, 0x81, 0xED, 0x4A, 0xFD, 0x39, 0x0F, 0xB2, 0x86, 0x75, 0xB3, 0xDC, 0xCB, 0x97, 0x59, 0x6F,
0xE4, 0x41, 0xFF, 0x91, 0x76, 0x24, 0x20, 0x7E, 0x30, 0xF1, 0x96, 0x51, 0x6E, 0xD0, 0x18, 0x83, 0x93, 0x27, 0xCB, 0xF1, 0x8C,
0x92, 0x86, 0xA0, 0xB4, 0x89, 0x77, 0x82, 0x8F, 0xEE, 0x22, 0x9E, 0x1A, 0x75, 0xAA, 0xCA, 0x11, 0x9C, 0x11, 0xF8, 0x3C, 0xF7,
0xA6, 0x41, 0xBF, 0xAC, 0x98, 0x87, 0x79, 0x14, 0xEC, 0x3D, 0x0C, 0x16, 0x5E, 0x9A, 0x2F, 0xD3, 0x20, 0x23, 0x07, 0x89, 0x97,
0xFA, 0xF7, 0xFB, 0xEC, 0xBD, 0x44, 0x24, 0xF4, 0x37, 0x21, 0xED, 0x76, 0x87, 0x0C, 0xF7, 0xC8, 0x27, 0xF6, 0x44, 0x70, 0x0C,
0x59, 0x4E, 0xF2, 0x59, 0x30, 0x0F, 0x9E, 0x79, 0xF9, 0x78, 0x16, 0xA4, 0x64, 0x08, 0xF8, 0x8D, 0xFD, 0xE4, 0xD4, 0x9D, 0xE3,
0x8B, 0x67, 0x81, 0x1F, 0x7A, 0xED, 0x56, 0x7B, 0x01, 0x3D, 0x0A, 0xD2, 0xAC, 0x37, 0x4E, 0xA2, 0x04, 0x67, 0x10, 0x6B, 0xEC,
0x10, 0xDF, 0x4B, 0x3F, 0x76, 0x5A, 0x9D, 0x5D, 0x15, 0x1C, 0x8E, 0xFB, 0xFC, 0x18, 0x4B, 0x00, 0x30, 0xDE, 0x20, 0xF1, 0x93,
0xF1, 0x72, 0x0E, 0xE8, 0x72, 0xC5, 0x8F, 0x47, 0x51, 0x40, 0x9F, 0x81, 0x82, 0xF6, 0xF3, 0x3C, 0x0D, 0x47, 0xCB, 0x3C, 0x68,
0xB7, 0x7C, 0x2F, 0xF7, 0x7A, 0xA3, 0xAC, 0x47, 0xBB, 0xD4, 0xEA, 0x2A, 0x5D, 0x63, 0x3D, 0x82, 0x41, 0x3E, 0x20, 0x2D, 0x6C,
0xB9, 0x45, 0x76, 0x48, 0x2B, 0x0A, 0xA7, 0xB3, 0x1C, 0xBA, 0x40, 0x2E, 0x8A, 0x5E, 0x94, 0xED, 0xB7, 0xCB, 0xAE, 0x29, 0x80,
0x3C, 0xDF, 0x7F, 0x74, 0x02, 0x8D, 0x3F, 0x05, 0x69, 0x15, 0xC4, 0x41, 0xDA, 0x6E, 0x01, 0x2D, 0xC7, 0x53, 0x6C, 0xB0, 0xAC,
0x2C, 0xEA, 0x5E, 0x74, 0x38, 0x18, 0x89, 0x05, 0xEE, 0xF7, 0xB9, 0xA8, 0xBC, 0x4F, 0x89, 0x81, 0x62, 0x77, 0x27, 0x05, 0xFE,
0x21, 0x9F, 0x7A, 0xD8, 0xFD, 0x51, 0xE2, 0x9F, 0xF7, 0x50, 0x3A, 0xF4, 0xB2, 0xF0, 0x37, 0x40, 0xD4, 0xC0, 0xBD, 0x7B, 0x67,
0x3B, 0x0D, 0xE6, 0xBB, 0x17, 0x58, 0xD2, 0x1D, 0xE5, 0xB1, 0x28, 0x98, 0xC7, 0xF5, 0xE5, 0x7A, 0xC9, 0x32, 0x07, 0xF2, 0x08,
0x7A, 0x59, 0x00, 0xD8, 0x85, 0x61, 0x9F, 0x93, 0x4F, 0x52, 0x85, 0x8D, 0xB2, 0xF0, 0x24, 0x49, 0xE7, 0x3D, 0x24, 0xCA, 0x34,
0x89, 0xBA, 0xFC, 0x31, 0x0B, 0xA2, 0x60, 0x9C, 0x2B, 0x35, 0x4E, 0xBC, 0xB4, 0x6D, 0xE9, 0x63, 0x47, 0x40, 0x89, 0x12, 0x2F,
0x0F, 0xE3, 0x29, 0x7C, 0x49, 0x72, 0x20, 0x87, 0x4F, 0x8B, 0x24, 0x03, 0x0E, 0x4D, 0xE2, 0x9D, 0x49, 0x78, 0x16, 0xF8, 0xBB,
0xA3, 0x24, 0xCF, 0x93, 0xF9, 0xCE, 0x60, 0x37, 0x0A, 0x26, 0x39, 0xFC, 0xA1, 0xFC, 0xB7, 0xB3, 0x31, 0x18, 0xFC, 0x65, 0x77,
0xE4, 0x8D, 0x3F, 0x4E, 0xD3, 0x64, 0x19, 0xFB, 0x8C, 0x4C, 0x76, 0xD4, 0xA6, 0x46, 0xD3, 0xCE, 0xEE, 0x6F, 0x3D, 0xA0, 0xAD,
0xE0, 0x0C, 0xCA, 0x6F, 0x0D, 0x2A, 0x1A, 0x74, 0xD9, 0x5F, 0x28, 0x18, 0x63, 0xF3, 0x0C, 0x3E, 0xC8, 0x80, 0xF6, 0xBD, 0xC1,
0x5F, 0xBA, 0x64, 0x7B, 0x30, 0x58, 0x9C, 0x75, 0x76, 0xE7, 0x5E, 0x0A, 0x02, 0x7E, 0x67, 0x40, 0xBC, 0x65, 0x9E, 0xEC, 0x2E,
0x60, 0x3E, 0x01, 0x02, 0x40, 0x5D, 0x9C, 0x41, 0x07, 0x53, 0x1F, 0xAA, 0xE7, 0xC9, 0x62, 0x67, 0x63, 0x71, 0x46, 0xB2, 0x24,
0x0A, 0x7D, 0x79, 0xD0, 0xF4, 0x2B, 0xED, 0x5F, 0x67, 0x37, 0x0F, 0xCE, 0xF2, 0x9E, 0x07, 0x24, 0x14, 0xEF, 0x8C, 0x81, 0x1C,
0x82, 0x94, 0xF7, 0x29, 0x8C, 0x29, 0xCA, 0xD3, 0xE4, 0x14, 0x3A, 0x30, 0x0B, 0x73, 0xC0, 0xFE, 0xC2, 0x1B, 0x07, 0x3B, 0x71,
0x72, 0x0A, 0xE2, 0x91, 0xB7, 0x4E, 0x9B, 0xE8, 0x6D, 0x43, 0x93, 0x46, 0x25, 0x10, 0x6F, 0x41, 0x44, 0x3E, 0xC1, 0x62, 0xB8,
0x88, 0xBC, 0xF3, 0x1D, 0xFE, 0x65, 0x14, 0x25, 0xE3, 0x8F, 0xA2, 0x72, 0x8A, 0x74, 0xBB, 0x73, 0x17, 0x6A, 0xD3, 0x29, 0x38,
0x0D, 0xE8, 0x73, 0x0C, 0x93, 0xE6, 0x45, 0x26, 0x40, 0x7D, 0x72, 0x8D, 0x4F, 0x62, 0xA2, 0xAD, 0x4D, 0x32, 0x1C, 0x52, 0x54,
0x49, 0xA4, 0x42, 0x3B, 0x29, 0x08, 0x05, 0xD8, 0x62, 0xFC, 0xB1, 0xC7, 0xFB, 0x2D, 0xF7, 0x08, 0x10, 0xCE, 0x2B, 0x8D, 0x97,
0x19, 0xCC, 0x7C, 0x2F, 0xF7, 0x46, 0x19, 0xF9, 0x94, 0x9C, 0x04, 0x29, 0xCC, 0xDC, 0xE9, 0xCE, 0x2C, 0xF4, 0xFD, 0x20, 0xB6,
0x14, 0x71, 0x63, 0xEF, 0x84, 0x17, 0xE6, 0x48, 0x67, 0xA4, 0xC3, 0xC4, 0x27, 0x8C, 0x34, 0x0E, 0xAA, 0x6A, 0x51, 0x71, 0xF8,
0x49, 0xA3, 0xA1, 0x69, 0xEA, 0x9D, 0xF7, 0xA0, 0x37, 0x1D, 0x3E, 0xC3, 0x0C, 0x82, 0x41, 0x73, 0xDF, 0x0C, 0xB6, 0xEF, 0xDC,
0xF3, 0x6F, 0x15, 0x34, 0x01, 0x18, 0x26, 0x1B, 0x77, 0x8B, 0x49, 0xB2, 0xB6, 0xE5, 0x7A, 0xE3, 0x3C, 0x3C, 0x09, 0xA0, 0xA3,
0x95, 0x14, 0x5C, 0x70, 0x1F, 0x25, 0x63, 0x0B, 0x2C, 0xF8, 0xB7, 0xC7, 0x57, 0x04, 0xE0, 0x99, 0xB2, 0xF1, 0xDD, 0xA6, 0x30,
0x39, 0x92, 0x52, 0xCF, 0x0F, 0x97, 0x19, 0x50, 0xF6, 0xC6, 0x36, 0xF6, 0x7C, 0xDB, 0xDE, 0x73, 0x3A, 0x67, 0x29, 0x8A, 0xAC,
0x9D, 0x1D, 0x5C, 0xA2, 0x3E, 0x86, 0xC0, 0xC5, 0x40, 0xE8, 0x08, 0x60, 0x19, 0xC7, 0xB8, 0xCA, 0xF5, 0x60, 0x25, 0x1F, 0x7F,
0xAC, 0x1B, 0x53, 0x89, 0xD1, 0x55, 0x2D, 0xCC, 0x93, 0xDF, 0xD8, 0xEF, 0xB5, 0x81, 0xFE, 0x6D, 0x8E, 0x0B, 0x08, 0x69, 0xCF,
0x90, 0x60, 0x76, 0x08, 0xCE, 0x59, 0x07, 0x56, 0x03, 0xD2, 0xFF, 0x2B, 0x09, 0x5F, 0x1C, 0x91, 0x2C, 0x0F, 0xC7, 0x1F, 0xCF,
0x09, 0xFD, 0x4A, 0x40, 0xC0, 0x90, 0xBF, 0xF6, 0x99, 0xD0, 0xFD, 0x06, 0x97, 0x18, 0x7F, 0x19, 0x05, 0xC7, 0xDE, 0xA8, 0x42,
0x0E, 0xEE, 0xB0, 0x5A, 0x66, 0x5F, 0xA0, 0x8F, 0x31, 0xF0, 0x6B, 0x0A, 0x53, 0x71, 0x23, 0x9C, 0xA3, 0x06, 0xE2, 0xC5, 0xF9,
0xAE, 0x2E, 0x92, 0x00, 0x24, 0x93, 0x02, 0x52, 0x19, 0x59, 0x3A, 0xA8, 0x45, 0x15, 0xB9, 0x21, 0xD5, 0xB8, 0xA8, 0xEA, 0xAE,
0x8F, 0xE8, 0x4A, 0x2B, 0xFB, 0xA8, 0x02, 0x9F, 0x5E, 0x43, 0x27, 0x2E, 0x70, 0x55, 0x12, 0xAB, 0xD1, 0x7D, 0x94, 0xB8, 0x84,
0x3E, 0x0D, 0x1D, 0x4E, 0x8D, 0x9C, 0xFF, 0x76, 0x6E, 0xA3, 0x94, 0xE4, 0xFA, 0x83, 0x1F, 0x9E, 0x88, 0x52, 0xAA, 0xA0, 0xAD,
0x95, 0xB3, 0x03, 0xB2, 0x5D, 0x80, 0x00, 0x20, 0x48, 0x2A, 0x24, 0xF4, 0x41, 0x61, 0x81, 0x1F, 0xB0, 0x9C, 0xA3, 0x34, 0xCF,
0xC4, 0x57, 0xFC, 0x1E, 0x06, 0x91, 0x0F, 0xEF, 0x8B, 0x37, 0xA8, 0xF1, 0x04, 0xD3, 0x20, 0xF6, 0x8B, 0x1E, 0x8A, 0x35, 0x06,
0x74, 0x20, 0x0F, 0x59, 0xD1, 0x22, 0x99, 0xA1, 0x67, 0xBD, 0x19, 0x93, 0x49, 0xB7, 0xB0, 0x79, 0x31, 0x2A, 0x94, 0xC2, 0x77,
0xA5, 0xEE, 0xF0, 0x06, 0x70, 0x64, 0xD8, 0xA7, 0x38, 0x3D, 0x76, 0x44, 0x33, 0x42, 0x38, 0x22, 0x15, 0x3A, 0x7B, 0xAF, 0xBC,
0x30, 0x22, 0xA6, 0xEA, 0x04, 0x15, 0xED, 0x90, 0xF2, 0x49, 0x54, 0x05, 0xEA, 0x78, 0x39, 0x0A, 0xC8, 0x7E, 0x9A, 0x86, 0x27,
0x5E, 0xB4, 0x1A, 0xD0, 0x68, 0x99, 0x55, 0x01, 0x3A, 0x58, 0x66, 0x4D, 0xBB, 0x34, 0x8E, 0xBC, 0x2C, 0x83, 0xFA, 0x69, 0xB2,
0x00, 0x6D, 0x2D, 0x76, 0x0C, 0x5C, 0x02, 0x1B, 0x27, 0x11, 0x28, 0x55, 0xBB, 0x88, 0x21, 0xC4, 0x18, 0x5B, 0x72, 0x06, 0x1A,
0xA6, 0x00, 0x1C, 0xA8, 0x5E, 0x79, 0x12, 0x0B, 0x88, 0xA8, 0x9C, 0x08, 0xA8, 0x80, 0xDD, 0xE9, 0x14, 0x95, 0x5D, 0xA6, 0x7E,
0xB2, 0x82, 0x0E, 0x1D, 0x05, 0x28, 0x6F, 0xCB, 0x03, 0xFE, 0x5C, 0x68, 0x6D, 0xB4, 0xB4, 0xDC, 0x29, 0x2F, 0x0D, 0xBD, 0x5E,
0x70, 0xB6, 0xF0, 0x60, 0xD9, 0x47, 0x0A, 0x01, 0xFC, 0xC0, 0x30, 0xBF, 0xFD, 0xE6, 0xDE, 0x9D, 0x3B, 0xB7, 0x77, 0xEF, 0xF7,
0x19, 0x40, 0xBD, 0x3F, 0xCB, 0x48, 0x1F, 0x5D, 0x0F, 0x5B, 0x23, 0xCA, 0x53, 0x0F, 0xE8, 0x87, 0xC3, 0xA7, 0xCB, 0x56, 0x14,
0xF8, 0xA3, 0x73, 0xA5, 0x5B, 0x1A, 0x58, 0xAA, 0x67, 0xEF, 0xDD, 0xF7, 0x0C, 0xD8, 0xB0, 0xBE, 0xCF, 0x85, 0xCE, 0xFD, 0x8D,
0x43, 0x92, 0x78, 0x1C, 0x81, 0x54, 0x82, 0x2D, 0x15, 0x74, 0x3A, 0x0A, 0x0E, 0x71, 0x65, 0x7C, 0xBD, 0x80, 0x21, 0x06, 0x59,
0xBB, 0xE3, 0xEC, 0xD1, 0x67, 0x02, 0xA4, 0x4E, 0xF8, 0xCB, 0xFB, 0x7D, 0x0F, 0x76, 0x47, 0x00, 0xFA, 0x12, 0xCD, 0xF5, 0x3F,
0x06, 0xE7, 0x99, 0x0B, 0x1B, 0x71, 0x67, 0xEF, 0x91, 0x1F, 0xE6, 0x64, 0xFF, 0xE5, 0x13, 0xF2, 0x23, 0xBC, 0xBA, 0x12, 0x4C,
0x90, 0xB8, 0x79, 0x9A, 0xC9, 0x60, 0x5F, 0x1D, 0x1D, 0x91, 0xC7, 0x41, 0xE0, 0x5F, 0x09, 0xAE, 0x05, 0x35, 0xB0, 0x7F, 0x4D,
0xDF, 0x84, 0x93, 0x90, 0xE2, 0x05, 0x1F, 0xC8, 0x9B, 0xF0, 0x71, 0x48, 0x8E, 0xB8, 0x0C, 0xB8, 0xDE, 0xD6, 0x5E, 0x05, 0xB0,
0x07, 0x4B, 0xF3, 0xA3, 0x73, 0xD0, 0xD9, 0xE7, 0xD8, 0x22, 0x7F, 0x41, 0xD8, 0x9B, 0x8A, 0xC6, 0xEE, 0xF7, 0x97, 0x91, 0xCA,
0x3C, 0x1A, 0x3B, 0x41, 0x1D, 0x2A, 0x8B, 0xE0, 0x95, 0xF4, 0x52, 0xE2, 0xB0, 0xF9, 0xA8, 0xB7, 0xC5, 0x49, 0x3E, 0xF1, 0x83,
0x23, 0xAA, 0x68, 0x25, 0xA9, 0x26, 0x6E, 0x98, 0xE6, 0xC4, 0x6B, 0x94, 0xEA, 0x15, 0x70, 0x34, 0xB2, 0x30, 0x79, 0x06, 0x35,
0xA1, 0x21, 0x7C, 0x55, 0xC9, 0xC9, 0x28, 0xE1, 0x71, 0x8D, 0x58, 0x90, 0xD3, 0x1E, 0xE8, 0xD3, 0x0E, 0x01, 0x55, 0x0F, 0x78,
0x89, 0xBE, 0x32, 0x58, 0x36, 0x8C, 0x17, 0xCB, 0x9C, 0x73, 0x25, 0xAA, 0x0C, 0x89, 0x23, 0x83, 0xA1, 0xDA, 0x9C, 0xC3, 0xB7,
0xB3, 0x23, 0xEC, 0x01, 0x76, 0xBD, 0x1C, 0x04, 0x8A, 0x3E, 0x07, 0x94, 0xE2, 0x68, 0x09, 0xDF, 0xA1, 0x25, 0x94, 0xEE, 0xE3,
0x64, 0x0E, 0xDB, 0xD5, 0x1C, 0x5E, 0x24, 0x93, 0x89, 0xD1, 0x9E, 0x32, 0x3E, 0x94, 0x10, 0xF6, 0xAD, 0x89, 0xDF, 0x9B, 0x44,
0xC1, 0x19, 0xA1, 0x82, 0x9B, 0x4E, 0x27, 0xEC, 0x18, 0xA9, 0xF8, 0x26, 0xBF, 0x80, 0x72, 0x11, 0x4E, 0xCE, 0x85, 0x8E, 0xC4,
0x5F, 0x3B, 0xC8, 0x48, 0x52, 0x9F, 0xF6, 0xEE, 0x87, 0xF3, 0x29, 0x3B, 0xD0, 0xE8, 0x87, 0x29, 0xBC, 0x71, 0x41, 0xB9, 0x59,
0x14, 0x63, 0x9B, 0x07, 0xBD, 0x4D, 0xE8, 0x6D, 0x04, 0x9B, 0x6E, 0x67, 0x8F, 0x60, 0x0D, 0x1B, 0x52, 0xAF, 0x8C, 0x1E, 0x14,
0xE7, 0x05, 0x7A, 0x36, 0xBE, 0x0C, 0xF4, 0xD0, 0x3E, 0x29, 0xE8, 0xC9, 0xE1, 0x4D, 0x1D, 0x7A, 0xB0, 0xC6, 0x67, 0x41, 0x0F,
0x2C, 0x52, 0x05, 0x76, 0x36, 0xBF, 0x0C, 0xEC, 0x60, 0x97, 0x14, 0xE4, 0xC0, 0x1A, 0x5B, 0x87, 0x1B, 0x28, 0x6F, 0x65, 0x47,
0x43, 0x36, 0xB0, 0xE7, 0x55, 0x82, 0x21, 0x4E, 0x8F, 0x40, 0xF8, 0x8D, 0x67, 0x07, 0xC9, 0x59, 0xC5, 0xC2, 0xDE, 0x48, 0x58,
0xB0, 0xF1, 0x64, 0x14, 0xD4, 0x73, 0xC0, 0xBE, 0xB3, 0x77, 0x94, 0x7B, 0xB8, 0x96, 0x5B, 0xFB, 0xCA, 0x26, 0x11, 0x9B, 0x97,
0x6A, 0xF0, 0x49, 0x45, 0xF5, 0xC9, 0x21, 0xD0, 0xFE, 0x38, 0x98, 0x25, 0x11, 0x28, 0x8D, 0x43, 0xE7, 0x18, 0x3E, 0xE0, 0x29,
0x08, 0xC9, 0x18, 0x4C, 0x3A, 0xBF, 0x8E, 0xD2, 0x0B, 0xBE, 0xBF, 0x24, 0xC5, 0xE9, 0x9F, 0x73, 0x29, 0x5C, 0x1C, 0x7A, 0x11,
0xCC, 0xEC, 0xF4, 0x5A, 0x90, 0x31, 0x66, 0xB0, 0x38, 0x1E, 0x9C, 0xBD, 0x17, 0x71, 0x04, 0x7A, 0xED, 0x0C, 0xF6, 0xBD, 0x59,
0x90, 0xE2, 0x01, 0x60, 0x46, 0x78, 0x11, 0xE2, 0xE5, 0x95, 0x12, 0x56, 0xEB, 0x05, 0x92, 0xD9, 0xEE, 0xD4, 0x5B, 0xB0, 0x03,
0x03, 0x83, 0x5C, 0xA5, 0x1A, 0x58, 0x72, 0x67, 0x63, 0xD7, 0xA2, 0x4A, 0x94, 0xD8, 0xD7, 0xBA, 0x58, 0x3D, 0x03, 0x47, 0x12,
0xE2, 0x09, 0xE8, 0x0F, 0xB0, 0x60, 0xC2, 0xA6, 0x73, 0x14, 0x79, 0x31, 0xD3, 0x27, 0x00, 0x4E, 0x31, 0x2A, 0x47, 0x6F, 0x90,
0xAC, 0x98, 0x29, 0x55, 0x8D, 0xA7, 0xE7, 0x31, 0xC6, 0xC0, 0x0C, 0x45, 0xD2, 0x1C, 0x6C, 0x2F, 0x9B, 0xA5, 0xB0, 0x23, 0xB6,
0x68, 0x89, 0xA5, 0x9E, 0x48, 0x07, 0x8D, 0xAB, 0xFD, 0xE3, 0x30, 0xA2, 0x6C, 0xC8, 0x24, 0x85, 0xF2, 0x4A, 0x63, 0xF6, 0x82,
0xC9, 0x35, 0x4D, 0x92, 0x69, 0x0D, 0x55, 0x7A, 0xA0, 0xA9, 0xF8, 0x56, 0x2B, 0xD5, 0x80, 0xE9, 0x1C, 0x51, 0xC3, 0x3A, 0x20,
0xD3, 0x9E, 0x74, 0x5A, 0x63, 0x9F, 0xEF, 0x7A, 0x0A, 0x54, 0x01, 0xCB, 0x14, 0x08, 0xCC, 0x94, 0x05, 0x44, 0x7C, 0xCF, 0x6A,
0x65, 0xAD, 0xD9, 0x45, 0x95, 0x50, 0xE6, 0xDE, 0x59, 0x14, 0xC4, 0xD3, 0x7C, 0x06, 0x22, 0xF5, 0x96, 0x31, 0xF9, 0x0A, 0x19,
0x3D, 0xA2, 0x22, 0x11, 0x24, 0xEE, 0xDC, 0x03, 0x72, 0x81, 0xBD, 0x02, 0x28, 0xA1, 0x7E, 0xD1, 0x0D, 0x12, 0x2F, 0xE7, 0xA3,
0x20, 0xCD, 0x90, 0xC0, 0x14, 0xD2, 0xB2, 0xB2, 0xBA, 0x73, 0x19, 0xF1, 0xC7, 0xB8, 0xFC, 0x49, 0x0C, 0x4B, 0x40, 0xE8, 0x1F,
0x27, 0x1F, 0x83, 0xD8, 0xCA, 0xE7, 0xB6, 0x1D, 0x19, 0xEF, 0x82, 0x17, 0x05, 0xA0, 0xB7, 0xD1, 0x7F, 0xF9, 0x46, 0xB9, 0x46,
0xF8, 0x33, 0xD1, 0xC2, 0x94, 0x21, 0x5A, 0xC5, 0x98, 0xC0, 0xEC, 0x64, 0x4A, 0xCE, 0xE6, 0x51, 0x9C, 0x31, 0x33, 0xC8, 0x4E,
0xBF, 0x7F, 0x7A, 0x7A, 0xEA, 0x9E, 0x6E, 0xB9, 0x49, 0x3A, 0xED, 0x6F, 0x0E, 0x06, 0x83, 0x3E, 0x94, 0x70, 0xB8, 0xDD, 0x00,
0xF1, 0x4B, 0xD8, 0x46, 0x92, 0xFD, 0x9E, 0x84, 0x51, 0x04, 0xD4, 0xBB, 0x4C, 0xF1, 0xC0, 0xE0, 0x10, 0xF7, 0xD6, 0x25, 0xF9,
0x86, 0x64, 0x14, 0xC2, 0xF6, 0x05, 0x1E, 0xE7, 0x94, 0x77, 0x7B, 0x39, 0xEC, 0x37, 0x62, 0xD8, 0xE3, 0xF4, 0xB0, 0x16, 0x91,
0x38, 0xA6, 0x37, 0x20, 0x6C, 0x89, 0x41, 0xAB, 0x07, 0x90, 0x1F, 0xE8, 0x55, 0x64, 0x40, 0x36, 0x6E, 0xC3, 0xFF, 0x44, 0xE7,
0x61, 0x79, 0x92, 0x37, 0x2C, 0x43, 0xE7, 0x8D, 0x97, 0xC6, 0xB8, 0x9F, 0xB6, 0xB0, 0xDA, 0xC2, 0xCB, 0x67, 0x04, 0xF0, 0xFC,
0xEC, 0xAE, 0x7B, 0xEF, 0xEE, 0x26, 0xD9, 0x70, 0xB7, 0x6F, 0xDF, 0xF6, 0x36, 0xDC, 0x8D, 0x2D, 0x42, 0xFF, 0x41, 0xD8, 0x83,
0xDE, 0x86, 0x7B, 0xEF, 0x36, 0x19, 0x3C, 0x75, 0x37, 0x6E, 0x6F, 0x93, 0x8D, 0x2D, 0x77, 0x73, 0x6B, 0x6B, 0xDC, 0x73, 0x6F,
0x6D, 0xDF, 0x71, 0xEF, 0xDC, 0xB9, 0xEB, 0x0E, 0xEE, 0x6D, 0x40, 0xD9, 0x3B, 0xB7, 0xEF, 0x00, 0x00, 0xF6, 0x63, 0x06, 0x65,
0xEE, 0x6C, 0x6C, 0x8D, 0xDD, 0xBB, 0x77, 0xEF, 0x61, 0xDF, 0xDC, 0x5B, 0x5B, 0x77, 0x7B, 0xEE, 0xBD, 0x7B, 0x50, 0xA0, 0x47,
0x0B, 0x3C, 0x95, 0x1A, 0xFB, 0xED, 0xD9, 0x5D, 0xB2, 0x3D, 0x76, 0xB7, 0xB7, 0xB6, 0xA1, 0xA8, 0x7B, 0x6F, 0xFB, 0x96, 0x7B,
0xEB, 0xF6, 0xA6, 0x0B, 0x65, 0xEF, 0x6D, 0x47, 0x3D, 0x17, 0xDE, 0x6E, 0xB9, 0xDB, 0x83, 0x3B, 0x9E, 0xBB, 0xBD, 0xBD, 0x89,
0xFF, 0xA7, 0x3D, 0xDA, 0x00, 0x30, 0x1B, 0xD0, 0xA1, 0x3B, 0xF0, 0xEF, 0x36, 0x96, 0xDC, 0x77, 0xEF, 0x0D, 0xB6, 0xF1, 0xFF,
0xEC, 0x33, 0x01, 0x90, 0xBF, 0xCD, 0xDD, 0xC1, 0x60, 0x93, 0xC0, 0x60, 0xE0, 0x19, 0xDF, 0xE1, 0xBF, 0x9B, 0xFC, 0x2F, 0x3E,
0x0F, 0x7A, 0x9B, 0xBF, 0x39, 0x7D, 0x43, 0x14, 0xC0, 0x0C, 0x5A, 0x44, 0x97, 0x81, 0xB8, 0x7F, 0x24, 0x4B, 0x32, 0x07, 0x6D,
0x81, 0x30, 0xDA, 0xF1, 0x08, 0x25, 0x52, 0xF2, 0x9C, 0xCE, 0x9E, 0x17, 0x51, 0x9D, 0x11, 0x59, 0x83, 0x6D, 0xFE, 0x61, 0xDB,
0x4A, 0xB7, 0x5C, 0x39, 0x12, 0x31, 0xFC, 0x4B, 0x96, 0xC0, 0xD0, 0xFA, 0xB9, 0x00, 0xEA, 0x17, 0x2E, 0x79, 0xE6, 0xC5, 0xDE,
0x34, 0x20, 0xE7, 0xC9, 0x32, 0xA5, 0x55, 0x70, 0xE3, 0x46, 0x60, 0x0F, 0xA3, 0xEF, 0xE3, 0x14, 0x12, 0xA7, 0xA7, 0x8B, 0xCE,
0xDE, 0x2C, 0x48, 0x03, 0xDC, 0x9E, 0xB8, 0xEB, 0xCA, 0xB7, 0xA6, 0x6B, 0x6E, 0x3E, 0x89, 0x3E, 0x8B, 0x02, 0x72, 0x3C, 0x79,
0xEA, 0xEC, 0xBD, 0x86, 0xAD, 0x7B, 0xCA, 0x0E, 0xAF, 0xC8, 0xBA, 0xFA, 0x08, 0x02, 0x68, 0xA0, 0x92, 0x2C, 0xA5, 0x26, 0x14,
0xF5, 0x44, 0x45, 0xD8, 0x4A, 0x5D, 0xA5, 0xEA, 0xDC, 0xE6, 0x29, 0x28, 0x9A, 0xD2, 0xC2, 0x20, 0xF0, 0x97, 0x23, 0xBF, 0xAE,
0xC4, 0xD6, 0x4A, 0x7C, 0xA1, 0x22, 0x5E, 0xB6, 0xE0, 0xEC, 0xB1, 0xBF, 0x64, 0x74, 0x4E, 0xF0, 0x6D, 0xC5, 0xB2, 0xC0, 0x0F,
0xEC, 0x69, 0x07, 0xD5, 0xFA, 0x4A, 0x3B, 0xAC, 0x18, 0x35, 0xBF, 0xD2, 0x5F, 0x56, 0x72, 0xA9, 0x1A, 0xF6, 0xC3, 0x30, 0x85,
0x2A, 0x80, 0xCC, 0xCF, 0x3B, 0x76, 0xAD, 0x19, 0x19, 0x01, 0xC5, 0xA7, 0x66, 0x58, 0xD0, 0x21, 0x59, 0x51, 0x61, 0xC8, 0xCA,
0x64, 0x41, 0x09, 0x86, 0xEF, 0x48, 0x9C, 0xBD, 0xFD, 0x18, 0xF6, 0x12, 0x65, 0xC3, 0xEC, 0xF3, 0xAA, 0x6A, 0x61, 0x3C, 0x42,
0xF2, 0x73, 0xF6, 0x9E, 0xB0, 0x1F, 0x4D, 0xEB, 0xC1, 0x36, 0x86, 0x57, 0x7C, 0xC1, 0x7F, 0x55, 0xD4, 0xAC, 0x9D, 0xC1, 0x75,
0x19, 0x1E, 0xB6, 0x37, 0xFB, 0xF9, 0x38, 0xB9, 0x16, 0x76, 0xE7, 0xB0, 0xD8, 0xE1, 0xE3, 0x11, 0xA8, 0x49, 0x64, 0xFF, 0xF8,
0xF0, 0x05, 0x28, 0x18, 0x35, 0x47, 0x16, 0x9F, 0x55, 0xA1, 0x16, 0x1D, 0xAA, 0x16, 0x1C, 0x4C, 0x05, 0x42, 0xC9, 0x51, 0x74,
0x95, 0x78, 0x20, 0x3B, 0x16, 0x20, 0xAF, 0x33, 0x72, 0x12, 0xA4, 0xB0, 0x59, 0xB4, 0xEB, 0x3B, 0xA6, 0x5A, 0xFD, 0xFB, 0xEA,
0xCD, 0xAC, 0x6F, 0x6C, 0x78, 0xDC, 0x4B, 0x42, 0x7A, 0xD3, 0x50, 0x6B, 0x06, 0xEA, 0xCE, 0xD0, 0xC4, 0xE3, 0xEF, 0xFD, 0x44,
0x2B, 0x5F, 0x55, 0x7F, 0x96, 0x11, 0xC5, 0xB0, 0x2D, 0x4D, 0xC3, 0xD3, 0x24, 0x9E, 0xB2, 0xCD, 0x68, 0xAD, 0xB8, 0x81, 0xD2,
0x16, 0x29, 0x03, 0x04, 0x4B, 0xAE, 0x4B, 0xD4, 0x14, 0x2D, 0x98, 0x3A, 0x38, 0x52, 0xAE, 0xD8, 0x39, 0xAD, 0x54, 0xC3, 0x4B,
0x38, 0xD7, 0xAB, 0x81, 0xF3, 0x0E, 0x5C, 0x87, 0x02, 0x5E, 0x85, 0x61, 0x9C, 0x8F, 0x1F, 0xC2, 0x2C, 0x4F, 0xD2, 0xF3, 0xCF,
0x86, 0x63, 0xA9, 0x0D, 0x74, 0x8F, 0xC0, 0x63, 0x56, 0x54, 0xC4, 0x01, 0xE1, 0x94, 0x52, 0x43, 0x18, 0x69, 0xC1, 0x74, 0x55,
0xC8, 0x5E, 0x5B, 0x44, 0x34, 0x14, 0x12, 0xEA, 0x8A, 0x61, 0xE9, 0x6C, 0xA3, 0x05, 0xA3, 0x42, 0x16, 0x57, 0xB1, 0xFA, 0x7A,
0xCC, 0x6E, 0xD9, 0x26, 0x17, 0x33, 0x26, 0xED, 0x93, 0xF5, 0x59, 0x6C, 0xB6, 0x51, 0x36, 0x1B, 0x23, 0x84, 0x43, 0xAA, 0x90,
0x01, 0x15, 0xD2, 0xAB, 0x52, 0x32, 0x54, 0xC9, 0x06, 0x24, 0x57, 0x2F, 0x44, 0x8F, 0x0C, 0x20, 0xB5, 0x5B, 0x64, 0x71, 0xD6,
0x1B, 0x58, 0xC5, 0x3C, 0x2F, 0x9E, 0xA2, 0x0E, 0x47, 0xE8, 0xBF, 0xBD, 0x8D, 0xB3, 0x0D, 0x9B, 0xB8, 0x9F, 0xA4, 0x78, 0x0C,
0xC2, 0xE7, 0x31, 0x0F, 0xE7, 0x41, 0xF6, 0xCC, 0x5B, 0x38, 0xAA, 0x33, 0x9B, 0xF8, 0x42, 0x37, 0x72, 0x73, 0xFC, 0x4C, 0x1D,
0x9B, 0x86, 0x0E, 0x32, 0xFC, 0x31, 0x7E, 0x21, 0x58, 0xC9, 0x44, 0x0B, 0xB0, 0x5B, 0x72, 0x3A, 0x74, 0xA6, 0x01, 0x6C, 0xE7,
0xC6, 0xFC, 0xE8, 0xE8, 0x7E, 0x9F, 0xB5, 0x79, 0x69, 0x5C, 0xD4, 0x8C, 0xB7, 0x14, 0x9D, 0xA0, 0xFC, 0xC0, 0x42, 0x34, 0x42,
0x81, 0xA4, 0x2C, 0xA5, 0x19, 0xF1, 0xF2, 0x72, 0xBF, 0x60, 0x1D, 0x20, 0x53, 0x9B, 0x2D, 0xA3, 0xC9, 0xBD, 0x74, 0x8A, 0x7E,
0x76, 0xFF, 0xA4, 0xF2, 0xC4, 0xD9, 0x93, 0x6B, 0xD1, 0x7D, 0x05, 0x39, 0xF6, 0x16, 0x00, 0xDC, 0xAC, 0xA9, 0xB6, 0x36, 0x0D,
0xF3, 0xD9, 0x72, 0x44, 0x3D, 0x02, 0xA7, 0x9E, 0x1F, 0x8C, 0x7B, 0xCB, 0x8F, 0x7D, 0xBF, 0xD8, 0xE8, 0xF4, 0xE8, 0x51, 0x6F,
0xFF, 0x1B, 0x80, 0xDE, 0xC3, 0xBE, 0xF7, 0x3C, 0x60, 0xAE, 0x1E, 0xED, 0xBB, 0x63, 0x74, 0x41, 0x6C, 0x69, 0x50, 0x6C, 0xE8,
0xCD, 0x4E, 0x96, 0xB0, 0x35, 0x0E, 0xE3, 0x2C, 0x4F, 0x97, 0x54, 0x05, 0xCB, 0xDC, 0xEB, 0xDB, 0xE9, 0x08, 0x3B, 0xFB, 0x3E,
0x85, 0xCC, 0x0C, 0x7D, 0x99, 0xA3, 0x5B, 0xBA, 0xE9, 0x59, 0xCF, 0xB6, 0xDD, 0x28, 0xBC, 0x9E, 0xEA, 0x22, 0xF1, 0x32, 0xB0,
0xE7, 0xBE, 0xEF, 0x1F, 0x27, 0x47, 0xBC, 0x0B, 0xE6, 0x29, 0xD7, 0x22, 0x0D, 0xE7, 0x96, 0xD5, 0x5A, 0x97, 0x6A, 0x00, 0x05,
0xF7, 0x9A, 0x05, 0x9C, 0xAA, 0xE5, 0xDB, 0xD2, 0xF6, 0xA1, 0x07, 0x9B, 0xA4, 0x2C, 0x88, 0xAE, 0xD8, 0xB4, 0x00, 0x63, 0x6D,
0x79, 0xBD, 0xA9, 0x91, 0x9C, 0x46, 0x34, 0x64, 0x97, 0x56, 0xDC, 0xD8, 0x3B, 0x21, 0xC2, 0x1B, 0xC8, 0x76, 0x2C, 0xB7, 0x39,
0xD0, 0xDC, 0xA0, 0x46, 0xB0, 0xD0, 0xEE, 0xB2, 0x09, 0x07, 0x5D, 0xFA, 0x98, 0x56, 0x63, 0x67, 0x28, 0x00, 0x22, 0xA2, 0xAB,
0x92, 0xBE, 0xAC, 0x85, 0x52, 0x63, 0xDC, 0x90, 0xC8, 0x6A, 0xA0, 0x4E, 0x08, 0xEB, 0x17, 0x17, 0x02, 0x55, 0xBA, 0x99, 0x54,
0x99, 0x7A, 0x1F, 0x31, 0x8F, 0xA0, 0xA2, 0x0B, 0x48, 0xC5, 0xD8, 0x7D, 0xD3, 0xD4, 0xAD, 0xBE, 0xE4, 0x5C, 0xF2, 0x0D, 0xAF,
0x02, 0x3D, 0xB7, 0xB1, 0xB3, 0x32, 0x45, 0xC5, 0xB8, 0xF8, 0xD9, 0x10, 0x57, 0x0C, 0xB2, 0xA2, 0xDD, 0xE3, 0xE2, 0x13, 0x5B,
0xB4, 0xD0, 0x8E, 0x0E, 0xAC, 0x05, 0x4B, 0xFB, 0x0B, 0x56, 0xA0, 0x52, 0xFD, 0x33, 0x8D, 0xA1, 0xD7, 0x8C, 0x26, 0x95, 0x27,
0xD7, 0x41, 0x90, 0xE4, 0x2F, 0xA3, 0xD1, 0xAC, 0x89, 0xAF, 0x6A, 0x0C, 0x29, 0x50, 0x34, 0x14, 0x71, 0x57, 0x03, 0xC1, 0x65,
0x7F, 0x34, 0x92, 0x3C, 0xFF, 0xC4, 0x8B, 0xC7, 0x81, 0xBF, 0x0E, 0x92, 0x44, 0x9D, 0xAB, 0x21, 0x49, 0x81, 0x62, 0x47, 0xD2,
0x3E, 0x2F, 0xD2, 0x14, 0x49, 0xDC, 0xA8, 0x5E, 0xA5, 0x2C, 0x48, 0xBE, 0x70, 0x56, 0xD1, 0xBC, 0x59, 0xB9, 0x4B, 0x94, 0x00,
0x2C, 0xBC, 0x38, 0x20, 0x13, 0x58, 0xA6, 0x98, 0xA2, 0x6F, 0x61, 0x48, 0x3A, 0xA0, 0x62, 0xDC, 0x58, 0x3E, 0xB2, 0x38, 0x84,
0xC8, 0xDC, 0x6B, 0xD7, 0xEC, 0xE4, 0x45, 0xC6, 0xA6, 0xCF, 0xAD, 0x50, 0x99, 0xA9, 0x5B, 0x4D, 0x1C, 0xA0, 0xC7, 0xFF, 0x41,
0xF1, 0xDB, 0xAE, 0x18, 0x5B, 0x8C, 0xAF, 0xF1, 0x14, 0x06, 0x35, 0xC7, 0x60, 0x85, 0x0D, 0xBA, 0x07, 0x81, 0xDD, 0xC7, 0xF6,
0x76, 0x61, 0x5E, 0xDD, 0x1E, 0xA8, 0x2A, 0x2D, 0x2F, 0x4F, 0x97, 0x04, 0xA9, 0x5D, 0x4B, 0x2B, 0x76, 0xE5, 0xE4, 0x69, 0x72,
0x0A, 0x4A, 0x7C, 0x3C, 0xA5, 0x7B, 0xE7, 0x12, 0x02, 0x39, 0xC5, 0xD3, 0xEC, 0x59, 0x10, 0x2D, 0x70, 0x0B, 0x8D, 0x9E, 0xD1,
0xA0, 0xC1, 0xA4, 0x71, 0x2F, 0x8C, 0xDD, 0x0A, 0x8D, 0xD8, 0xA2, 0x22, 0x35, 0xC6, 0xE7, 0x2C, 0x2D, 0x8A, 0x9C, 0xF7, 0x06,
0x24, 0x59, 0x78, 0xE3, 0x30, 0x3F, 0xEF, 0x6D, 0x0C, 0x56, 0x0D, 0x64, 0x71, 0x6E, 0x87, 0xA8, 0x79, 0x44, 0x31, 0x4B, 0x82,
0x6E, 0x33, 0x1E, 0x05, 0xF9, 0x69, 0x10, 0xC4, 0x16, 0x0B, 0x83, 0x1D, 0x64, 0xC5, 0x01, 0x73, 0x0D, 0x55, 0xC8, 0x3E, 0xB4,
0x3E, 0x73, 0xBD, 0x15, 0x27, 0xAA, 0x40, 0xC1, 0x0F, 0x61, 0x93, 0x08, 0xE2, 0x88, 0x6F, 0x5A, 0x91, 0xD9, 0x03, 0x02, 0xC2,
0x22, 0x1B, 0xA7, 0xD0, 0xAB, 0x6A, 0x72, 0xA9, 0xDE, 0x95, 0x54, 0x4C, 0xF4, 0x58, 0xF8, 0x27, 0xC1, 0x06, 0xE8, 0x34, 0xCC,
0xC7, 0x33, 0x34, 0xA0, 0x0C, 0x9C, 0xEA, 0x81, 0x30, 0x7A, 0x34, 0x07, 0x42, 0xDF, 0x0B, 0xB9, 0x43, 0x5F, 0x8D, 0x70, 0x6B,
0x4F, 0x25, 0xBE, 0x18, 0x0F, 0x67, 0x3F, 0xD6, 0x90, 0xB3, 0x76, 0xF7, 0xAB, 0xBE, 0x54, 0x91, 0xD7, 0x7F, 0x24, 0xF1, 0x04,
0xD4, 0x9D, 0xF7, 0x4D, 0xE0, 0x01, 0xD9, 0xA4, 0x9C, 0x82, 0xB8, 0xB5, 0x8A, 0x9C, 0xB2, 0xB7, 0xB8, 0xB7, 0xE0, 0xE7, 0xE6,
0x7D, 0xB1, 0xF5, 0xF8, 0xCA, 0x48, 0x4A, 0x1D, 0xE5, 0xEF, 0x4F, 0x57, 0xE2, 0x94, 0x05, 0x96, 0x0B, 0xD8, 0x5C, 0x06, 0x59,
0xA3, 0xD3, 0x94, 0xCB, 0xD0, 0x64, 0x53, 0xAA, 0xFC, 0x4C, 0x74, 0xB9, 0x82, 0x32, 0x2F, 0x45, 0x9B, 0x0C, 0x61, 0x7B, 0x4F,
0xE2, 0x71, 0xB4, 0x84, 0xF5, 0x1A, 0x29, 0x30, 0x0D, 0xE8, 0x89, 0x19, 0x46, 0xF8, 0xAC, 0x38, 0x99, 0x6B, 0x46, 0x93, 0xD7,
0x40, 0x95, 0x57, 0xA1, 0x4B, 0x4E, 0x12, 0x4D, 0xA8, 0x72, 0x05, 0x6F, 0x7D, 0x26, 0x9A, 0x45, 0xA9, 0x70, 0xC4, 0xF0, 0xFC,
0x2C, 0x9B, 0xFE, 0x8E, 0xD4, 0xBB, 0xF9, 0x15, 0x53, 0x6F, 0xA6, 0x21, 0x8D, 0xC9, 0x56, 0x61, 0x80, 0x9C, 0x83, 0x62, 0xE4,
0x4D, 0x57, 0x93, 0xAD, 0x3A, 0xD4, 0x6C, 0x8E, 0x6E, 0x3C, 0xD4, 0x7D, 0x9D, 0x46, 0x3D, 0x95, 0x07, 0x7A, 0x7B, 0x0F, 0xD9,
0x5C, 0x64, 0x45, 0x0B, 0xDF, 0x7A, 0xF3, 0xC5, 0x6E, 0x71, 0x6E, 0xCC, 0x22, 0x0C, 0xA5, 0x66, 0x6B, 0xB9, 0xE1, 0x4B, 0xE4,
0x15, 0x1D, 0x9F, 0x5F, 0x38, 0xBF, 0xBC, 0xE4, 0x2E, 0x33, 0x7F, 0x8A, 0xFA, 0xA6, 0xCC, 0x52, 0x60, 0x8C, 0x71, 0x8A, 0xE1,
0x73, 0xD4, 0x0E, 0x27, 0xC4, 0x3B, 0xF1, 0x42, 0x1A, 0xDE, 0xDB, 0xF9, 0x2A, 0xE5, 0xBD, 0x32, 0xCC, 0x2F, 0x9C, 0x80, 0x5F,
0xA4, 0xB0, 0xA5, 0x86, 0x1D, 0xFC, 0x9F, 0xD2, 0xBE, 0x29, 0x01, 0x17, 0x18, 0xE3, 0xA2, 0x9E, 0x8B, 0xDE, 0x84, 0xBD, 0x16,
0x74, 0x7C, 0xFD, 0x12, 0x7F, 0x33, 0xF6, 0xBB, 0x64, 0x2B, 0x85, 0x7F, 0x6E, 0xE5, 0x33, 0x12, 0xE4, 0x63, 0x97, 0xC4, 0x50,
0x01, 0xCF, 0x62, 0x45, 0x1F, 0xF0, 0x44, 0xFF, 0x2B, 0x95, 0xF9, 0x25, 0x1D, 0x7E, 0xD9, 0xFC, 0xF2, 0xD4, 0xCB, 0xF2, 0xA3,
0xA0, 0xC2, 0x5D, 0xF1, 0x4F, 0x7E, 0xB1, 0xF0, 0x4B, 0x81, 0x31, 0x95, 0x5F, 0xA0, 0x3E, 0xAA, 0xF5, 0xD0, 0x39, 0x61, 0x5E,
0xBB, 0x36, 0x96, 0xD9, 0xF7, 0xFD, 0x8C, 0xC1, 0x87, 0x2D, 0x44, 0x92, 0xA2, 0x61, 0x5D, 0xB4, 0x81, 0xDC, 0x82, 0x47, 0x27,
0x87, 0x85, 0xC3, 0x37, 0x41, 0x5B, 0xC0, 0x57, 0xCA, 0x34, 0x25, 0x31, 0x7E, 0xD9, 0x4C, 0x83, 0x61, 0x24, 0x4F, 0x85, 0x11,
0xF5, 0x4F, 0xC6, 0x69, 0xC8, 0x38, 0x0A, 0xD6, 0x54, 0xE6, 0x11, 0x67, 0x37, 0xD7, 0xCE, 0x3A, 0xC5, 0x6A, 0x83, 0x4C, 0x52,
0x30, 0x4D, 0x32, 0xA1, 0xCF, 0xDC, 0x40, 0x48, 0xD0, 0xCD, 0x4E, 0x74, 0xE5, 0x2B, 0xE5, 0x1C, 0x95, 0x22, 0xBF, 0x6C, 0xEE,
0x79, 0xBC, 0x8C, 0x22, 0x2E, 0xAF, 0xFE, 0xDC, 0x66, 0x54, 0x31, 0x8F, 0x9C, 0xAC, 0x42, 0xE2, 0x21, 0x19, 0x77, 0x7B, 0x6F,
0xBC, 0x30, 0xA7, 0x9E, 0x54, 0x9A, 0xF4, 0xC7, 0x45, 0x41, 0x44, 0x9F, 0x35, 0xE0, 0xA4, 0x50, 0x75, 0xED, 0x0F, 0xE3, 0x49,
0xD2, 0x1B, 0x87, 0xE9, 0x38, 0x0A, 0x08, 0x0C, 0x74, 0xC3, 0x62, 0x99, 0x4B, 0x92, 0x28, 0x0F, 0x17, 0xE5, 0x87, 0xE2, 0x5C,
0x6B, 0xE8, 0x50, 0xFB, 0x89, 0x53, 0xDD, 0x1A, 0x11, 0xEE, 0x2A, 0xD8, 0xF9, 0x8C, 0xF6, 0x5E, 0x5B, 0xBF, 0x8A, 0x05, 0x55,
0x1B, 0x09, 0x9A, 0x05, 0x12, 0x56, 0x6A, 0x14, 0x40, 0xBD, 0x80, 0xD0, 0x04, 0x35, 0xC2, 0x72, 0x23, 0x98, 0xB9, 0xD0, 0x5F,
0x63, 0x66, 0xD0, 0x41, 0x07, 0x0E, 0x97, 0x3C, 0xA2, 0x47, 0x56, 0xF0, 0x26, 0x64, 0x6D, 0x8E, 0x96, 0xD9, 0xB9, 0x38, 0x73,
0xC8, 0x08, 0x6C, 0xD1, 0xCE, 0x93, 0x25, 0x39, 0xF5, 0x62, 0xAE, 0x7E, 0x32, 0x17, 0x6C, 0xEA, 0xB4, 0x31, 0xD6, 0x70, 0x4B,
0x3D, 0xD7, 0x44, 0x2B, 0x6E, 0xED, 0x48, 0x39, 0x6D, 0x83, 0x70, 0xCB, 0x92, 0x74, 0x67, 0x91, 0x84, 0x34, 0x68, 0x9F, 0x7A,
0xDD, 0x7C, 0x7D, 0x12, 0x46, 0xE1, 0xDA, 0x2F, 0x5F, 0xC0, 0xFC, 0xBE, 0x27, 0x7E, 0xFF, 0x46, 0xD2, 0x85, 0x9D, 0xFA, 0x15,
0xA2, 0xE5, 0x19, 0x3F, 0x7A, 0xA3, 0x01, 0x22, 0x47, 0x47, 0x5F, 0xA1, 0x68, 0x11, 0xBA, 0x85, 0x10, 0x0C, 0xFC, 0x30, 0x51,
0x0C, 0x08, 0xE3, 0x24, 0x10, 0x19, 0x64, 0x12, 0x04, 0xFE, 0xB5, 0xC9, 0x9B, 0xD7, 0x59, 0x00, 0xD2, 0xC3, 0x22, 0x6A, 0x80,
0x65, 0x66, 0x64, 0x92, 0x06, 0xBF, 0x2E, 0x99, 0x03, 0x69, 0x01, 0x53, 0x58, 0x04, 0xFE, 0xC3, 0x44, 0xCA, 0xD7, 0x70, 0x28,
0x7A, 0x88, 0x6C, 0xF2, 0x3C, 0x39, 0x12, 0x71, 0xA8, 0x7F, 0x8A, 0x95, 0xF5, 0xC4, 0x8A, 0x8E, 0xBF, 0x3D, 0x9C, 0x78, 0x6E,
0xE5, 0x07, 0x68, 0xF0, 0x11, 0x57, 0xE0, 0x18, 0x76, 0xB2, 0xA9, 0x17, 0xC6, 0x8D, 0x6D, 0x63, 0x7F, 0x98, 0x7C, 0x51, 0x36,
0x15, 0x13, 0x69, 0x2C, 0xCF, 0x01, 0xE7, 0x49, 0xFA, 0x91, 0x1C, 0x25, 0xCB, 0x7C, 0xF6, 0x88, 0x1E, 0x08, 0x20, 0xA5, 0x14,
0xC6, 0x0D, 0x79, 0xAC, 0x45, 0xAC, 0xB6, 0x07, 0x92, 0xA5, 0x38, 0x20, 0x46, 0x35, 0x83, 0x06, 0xA4, 0x73, 0x77, 0x24, 0x51,
0xD5, 0x25, 0x1C, 0x7B, 0x34, 0xA6, 0x03, 0xE5, 0x96, 0xB0, 0x89, 0xB0, 0xFA, 0x51, 0x96, 0x50, 0x9F, 0xA0, 0x18, 0xA1, 0x8B,
0xCA, 0xFF, 0x41, 0xA2, 0xC4, 0x60, 0xD1, 0x2F, 0x4C, 0xA2, 0xFC, 0xA7, 0xBA, 0x68, 0x3C, 0x0E, 0xD3, 0xF9, 0x29, 0x50, 0xA8,
0xB3, 0xB7, 0xBF, 0xCC, 0x13, 0x0C, 0x18, 0x1E, 0x93, 0x09, 0x7F, 0x47, 0x96, 0x2C, 0x59, 0x10, 0xD0, 0x7C, 0x35, 0x41, 0xD0,
0x74, 0x36, 0xCB, 0xAF, 0xD3, 0x73, 0xA3, 0x18, 0xFC, 0xD7, 0xE5, 0x12, 0xB4, 0xF9, 0x6F, 0x40, 0x6F, 0x0F, 0x41, 0x9E, 0xE2,
0xF1, 0x0F, 0xFE, 0x21, 0xC5, 0x8C, 0x17, 0xA4, 0x57, 0x4D, 0x6F, 0x4B, 0x91, 0xC0, 0x6A, 0x85, 0x9D, 0xAE, 0xD9, 0xF1, 0xD3,
0x93, 0x18, 0xE8, 0x17, 0x3E, 0x16, 0x94, 0xCE, 0xE2, 0x79, 0xE7, 0xA1, 0x1F, 0xE3, 0x62, 0x83, 0xC2, 0x7A, 0x81, 0xEE, 0x87,
0x20, 0xE8, 0xF1, 0xD0, 0xEB, 0x32, 0xC2, 0xE8, 0x8B, 0xA0, 0x70, 0x86, 0xEE, 0x3F, 0x3D, 0xDF, 0x7E, 0x2F, 0x32, 0x3F, 0x8A,
0x82, 0x60, 0xE1, 0xEC, 0xBD, 0x38, 0x09, 0x52, 0x46, 0x48, 0x19, 0xBE, 0xA0, 0x61, 0xF9, 0xA4, 0xCD, 0x94, 0x91, 0xCC, 0x83,
0x8F, 0x9D, 0xAF, 0x52, 0x6E, 0xB2, 0xD1, 0xFD, 0x71, 0xFE, 0x6E, 0x14, 0x99, 0x18, 0x4A, 0x25, 0x12, 0x9B, 0xAD, 0xA5, 0xF2,
0x5F, 0x22, 0xD0, 0x6F, 0xAD, 0x70, 0xBF, 0x46, 0x1E, 0xD8, 0x74, 0x08, 0x47, 0xB8, 0x76, 0x3A, 0x7B, 0x14, 0x9D, 0x6C, 0x21,
0x25, 0xB3, 0x64, 0x99, 0xAE, 0x94, 0x6D, 0x52, 0x3C, 0xA1, 0x04, 0xA7, 0x61, 0x1C, 0xE1, 0x8A, 0x68, 0xC2, 0x86, 0x84, 0x77,
0x9D, 0x68, 0x78, 0x84, 0x91, 0xE8, 0x0C, 0x09, 0x98, 0x5F, 0xF3, 0x52, 0x28, 0x40, 0x18, 0xBF, 0x0F, 0x02, 0x6A, 0xBE, 0x48,
0xD2, 0x6E, 0xF4, 0x9F, 0xE5, 0x68, 0x83, 0xA9, 0xCD, 0xB9, 0xCC, 0x3B, 0x62, 0xB2, 0x27, 0x99, 0x4C, 0x08, 0x67, 0x2F, 0xE2,
0x2F, 0xA9, 0xFF, 0x7E, 0x29, 0x03, 0xBF, 0x4A, 0x2F, 0x9B, 0x72, 0x8C, 0x7F, 0xC8, 0xE6, 0x45, 0x3B, 0xF6, 0xC0, 0x8E, 0xBC,
0xCE, 0x82, 0x83, 0x70, 0x4A, 0xB7, 0x56, 0x95, 0xB4, 0xB3, 0xE6, 0x01, 0x47, 0x73, 0xAA, 0xFC, 0x6C, 0x74, 0xB9, 0x92, 0x32,
0x2F, 0x79, 0xD0, 0x61, 0x60, 0xCC, 0x3C, 0xE5, 0x58, 0x9B, 0x50, 0xBF, 0xDE, 0x43, 0x0E, 0x63, 0xA8, 0x2E, 0x79, 0x9E, 0xE4,
0xC1, 0x0E, 0x59, 0x66, 0xEC, 0x04, 0x35, 0xCC, 0x08, 0xCF, 0x1A, 0x42, 0x03, 0x6D, 0x46, 0x01, 0x89, 0x30, 0xEA, 0x26, 0x98,
0x4C, 0x02, 0x96, 0x79, 0xDC, 0xCB, 0x45, 0xE0, 0x0D, 0x05, 0xC4, 0x1A, 0xC7, 0x10, 0x9C, 0xEB, 0x3F, 0xD6, 0x58, 0x25, 0x11,
0xAE, 0x45, 0x26, 0x5C, 0xF2, 0x70, 0x43, 0x27, 0xAB, 0x86, 0xC2, 0x61, 0xA5, 0x90, 0xFB, 0x2C, 0x27, 0x1F, 0xF5, 0xE2, 0x61,
0x43, 0x13, 0x0F, 0xEB, 0x84, 0xE5, 0x37, 0x0C, 0x8C, 0x53, 0xA3, 0x2F, 0x9B, 0x45, 0xC3, 0x29, 0xB1, 0x9A, 0x97, 0x0D, 0xE0,
0xFA, 0x03, 0xB7, 0xD0, 0x8D, 0x16, 0x52, 0x32, 0x39, 0xED, 0x61, 0x08, 0xB1, 0xBA, 0x8D, 0x28, 0xC2, 0xB6, 0xF7, 0xB8, 0x81,
0x34, 0x2B, 0x03, 0xB0, 0x6B, 0x37, 0x0E, 0x7F, 0xE0, 0xE6, 0xA0, 0x0C, 0x35, 0xFF, 0xDD, 0x37, 0x08, 0x95, 0x19, 0x8D, 0x8B,
0x4E, 0x11, 0x4C, 0xB9, 0x41, 0xDA, 0xCF, 0xD8, 0x85, 0x3D, 0x64, 0x1B, 0x73, 0xAE, 0xA5, 0x61, 0x90, 0xD5, 0x6C, 0xC4, 0xCA,
0x6D, 0x87, 0x00, 0x82, 0x30, 0x0E, 0x45, 0x72, 0x89, 0x42, 0xED, 0x44, 0xEB, 0x33, 0x4F, 0x86, 0xCC, 0xA8, 0x70, 0xC5, 0x4E,
0x66, 0x35, 0x35, 0x4A, 0xCC, 0x99, 0x63, 0xAE, 0x3E, 0xCC, 0x9A, 0xB2, 0x8E, 0x52, 0xF9, 0x25, 0x90, 0x70, 0x11, 0xFD, 0x2F,
0x28, 0x78, 0x5C, 0xC4, 0xF1, 0x7F, 0xA1, 0x04, 0x5C, 0xE6, 0x2B, 0xF8, 0x72, 0xE8, 0x57, 0xF4, 0xE9, 0x2A, 0xE4, 0x2B, 0x10,
0xBF, 0x8A, 0x7A, 0x4B, 0xC2, 0x6D, 0x2E, 0xFD, 0xD7, 0x90, 0xFD, 0x4A, 0x68, 0xF7, 0x4A, 0xD9, 0xAF, 0x84, 0xA0, 0xAF, 0x0E,
0x85, 0xD6, 0x12, 0x35, 0x14, 0x17, 0xFF, 0x38, 0x57, 0x61, 0xC3, 0x2F, 0xEF, 0xC0, 0xC9, 0xA2, 0xDE, 0x62, 0xCE, 0x09, 0xBC,
0xB5, 0xAB, 0xE0, 0x33, 0x7A, 0x87, 0x17, 0xC9, 0x82, 0x18, 0xD4, 0xAC, 0x95, 0xFB, 0xAD, 0xDF, 0x55, 0x85, 0xE5, 0x0A, 0xEC,
0x3E, 0xC9, 0xBD, 0x05, 0x61, 0xDC, 0x15, 0x64, 0x44, 0xE0, 0x10, 0x70, 0x3A, 0x09, 0xA7, 0x4B, 0x3C, 0x72, 0x9D, 0xD3, 0x1C,
0x34, 0xED, 0x24, 0x25, 0xA7, 0xDE, 0x47, 0xF8, 0x35, 0x49, 0x93, 0xB9, 0xA4, 0xB1, 0x76, 0x5C, 0xF2, 0x84, 0x39, 0x0A, 0x0A,
0xD2, 0x46, 0x9F, 0x81, 0x42, 0x4A, 0xB3, 0xD3, 0x36, 0x50, 0x63, 0x59, 0x18, 0x7E, 0x97, 0x78, 0x6A, 0x83, 0xDC, 0x33, 0x97,
0xFA, 0xB4, 0x17, 0x9E, 0x87, 0xE1, 0x9C, 0x5E, 0xFE, 0x92, 0x07, 0xD1, 0x79, 0x9D, 0x1A, 0x7B, 0x29, 0xDB, 0x5C, 0xB3, 0x23,
0xE9, 0x57, 0xC1, 0xAF, 0xCB, 0x10, 0x73, 0x78, 0x7A, 0x31, 0x4D, 0x48, 0xE3, 0x21, 0x2B, 0x90, 0xE3, 0xE3, 0x97, 0x9B, 0x9B,
0x5B, 0x7C, 0x3A, 0x69, 0x9A, 0x2E, 0x9A, 0xF4, 0xE0, 0xAB, 0x3A, 0x92, 0x2E, 0x48, 0xF4, 0x0F, 0x8D, 0x94, 0x3D, 0xCA, 0xBD,
0xF3, 0x7D, 0xA4, 0x27, 0xC7, 0x2A, 0x39, 0x6A, 0xB2, 0x01, 0xDB, 0x95, 0xE6, 0x4B, 0x2D, 0xC9, 0x57, 0x5A, 0x7A, 0xD9, 0x1B,
0x3A, 0x3F, 0x8C, 0xF7, 0xE1, 0x9F, 0x71, 0xF0, 0x06, 0x86, 0x84, 0x67, 0xA2, 0xE8, 0x1B, 0xF4, 0x31, 0x90, 0x79, 0x65, 0x74,
0xCE, 0x85, 0x01, 0x94, 0xDB, 0x59, 0xB1, 0xEC, 0x4A, 0xE7, 0x6A, 0x2A, 0x54, 0xCB, 0xE1, 0x1A, 0x8A, 0x06, 0x4C, 0xA4, 0x4F,
0x4E, 0xE9, 0x9F, 0x1A, 0x62, 0x51, 0xD3, 0x4F, 0xDE, 0x06, 0x3C, 0x6D, 0x60, 0xFE, 0x88, 0x25, 0xFA, 0x28, 0x55, 0xA4, 0xAC,
0xAC, 0xA8, 0xBB, 0x35, 0x80, 0xCA, 0xDB, 0xBC, 0x72, 0xB6, 0x6E, 0xED, 0xDB, 0x58, 0x7B, 0x63, 0x70, 0xD9, 0xEA, 0xF7, 0x68,
0xF5, 0x4B, 0xB7, 0xBE, 0x71, 0x17, 0xEB, 0x6F, 0x35, 0x6D, 0xBE, 0xF6, 0x84, 0x72, 0xED, 0x8D, 0x9E, 0xC4, 0x01, 0x98, 0x1D,
0xF1, 0x25, 0x66, 0x9D, 0xE4, 0x1B, 0xD6, 0x3F, 0xFD, 0xE3, 0x57, 0x1F, 0x70, 0x46, 0x2A, 0xCE, 0xF6, 0x10, 0x87, 0x3C, 0x75,
0xA7, 0x2F, 0x0E, 0x62, 0x26, 0xFA, 0x79, 0xD2, 0xB5, 0x79, 0xC9, 0x1F, 0xCD, 0x92, 0x34, 0xA7, 0xAB, 0x17, 0x70, 0xDB, 0x2C,
0xF4, 0x83, 0xF2, 0x2F, 0xAE, 0x7E, 0x54, 0xF9, 0xF6, 0xA6, 0xA0, 0xD0, 0x7D, 0x85, 0xDE, 0xF1, 0x1A, 0x66, 0xFF, 0x74, 0x0C,
0xF9, 0xA3, 0x2D, 0x98, 0x20, 0x21, 0x1E, 0x47, 0xA0, 0xDA, 0xED, 0xE1, 0xBF, 0x2C, 0xEF, 0x0B, 0x3F, 0xC7, 0x07, 0x01, 0xF6,
0xAD, 0x1F, 0x4C, 0x77, 0xBF, 0x32, 0xA3, 0xA5, 0x18, 0xD0, 0x9F, 0xE6, 0xEF, 0xDF, 0x85, 0x78, 0x7E, 0x48, 0x30, 0xD7, 0xDD,
0x51, 0x00, 0xB3, 0x44, 0xF3, 0xEC, 0x91, 0x19, 0xBC, 0xA0, 0xF7, 0x87, 0x50, 0x6F, 0x5B, 0x76, 0x3D, 0xDC, 0xD7, 0x46, 0x40,
0x74, 0x50, 0x7F, 0x8C, 0xDE, 0x5A, 0x6A, 0xA9, 0x9B, 0xAC, 0x3B, 0x0C, 0xAD, 0xD8, 0xA3, 0x51, 0x45, 0x2E, 0xED, 0x2A, 0xC5,
0x55, 0xBA, 0x00, 0xA6, 0x80, 0x51, 0x99, 0x51, 0x78, 0x6B, 0xB3, 0x62, 0x03, 0x54, 0x91, 0xD6, 0xBA, 0x98, 0x66, 0xCB, 0x35,
0x31, 0x54, 0x8A, 0xF0, 0x2B, 0xA7, 0x57, 0xA7, 0x14, 0xAE, 0x9C, 0x6C, 0x96, 0x10, 0xAC, 0x6C, 0x32, 0x0E, 0x4E, 0x55, 0xEA,
0xA2, 0x66, 0x0B, 0x4A, 0x62, 0xA4, 0x1D, 0x05, 0x39, 0x94, 0xCB, 0xBA, 0x22, 0x42, 0xBA, 0x4B, 0x66, 0xE7, 0x8B, 0x19, 0x6C,
0xA0, 0x48, 0x12, 0x47, 0xE7, 0x1D, 0xF7, 0x4F, 0xAF, 0xAD, 0x66, 0xFC, 0x7C, 0xFC, 0xB3, 0xC2, 0xCD, 0x6D, 0x20, 0xB0, 0xDE,
0xEB, 0x1F, 0x3B, 0x34, 0xF8, 0x9B, 0xFC, 0x96, 0xC4, 0xC1, 0x35, 0xF9, 0x62, 0xD1, 0x04, 0xD9, 0xEC, 0x4E, 0x6B, 0x66, 0xD4,
0x2A, 0x1A, 0x10, 0xF1, 0x80, 0xDC, 0x72, 0xC5, 0x08, 0xFD, 0xAB, 0xDB, 0xFA, 0xFE, 0xFC, 0x65, 0xC9, 0x8F, 0xE3, 0x9F, 0xAF,
0x2A, 0x3D, 0x70, 0x44, 0xCD, 0xB3, 0x91, 0xD7, 0xCA, 0x8E, 0x97, 0x2F, 0x8E, 0x9E, 0xFC, 0xB7, 0x34, 0xE1, 0x59, 0x4E, 0xAD,
0x93, 0x16, 0x49, 0xF2, 0xFA, 0xC7, 0xEB, 0x14, 0x20, 0xC1, 0x99, 0x07, 0xFB, 0x58, 0xAD, 0xF5, 0xEA, 0xD4, 0xC4, 0xEC, 0xBF,
0xCB, 0x24, 0x28, 0x16, 0x29, 0x67, 0xA1, 0x8D, 0x1E, 0xB6, 0xB1, 0x66, 0x7A, 0x62, 0xDE, 0x70, 0x10, 0x2D, 0xDC, 0xAB, 0x9D,
0x7E, 0x3C, 0x4F, 0x8E, 0x68, 0xD4, 0xCC, 0x9F, 0xBB, 0xBE, 0x26, 0xD2, 0x2F, 0xE6, 0xD8, 0xA2, 0xD1, 0x9C, 0x47, 0xCB, 0x05,
0xDB, 0xF0, 0x49, 0x11, 0x87, 0x7D, 0x82, 0x47, 0xA5, 0x75, 0x36, 0xE5, 0x6B, 0xCF, 0xC8, 0x74, 0xBC, 0x4C, 0x71, 0x09, 0x9B,
0x4C, 0xE8, 0xDD, 0x6B, 0xB0, 0x31, 0x0C, 0x7F, 0xC3, 0xC3, 0xFC, 0x48, 0x0A, 0x87, 0x12, 0x21, 0x08, 0x13, 0x76, 0x7D, 0xEA,
0x57, 0xB7, 0x25, 0x94, 0xD1, 0xFE, 0x05, 0x87, 0x1E, 0x3D, 0xF6, 0xB2, 0xFC, 0x55, 0x30, 0x01, 0x9A, 0x98, 0xFD, 0xC9, 0x4E,
0x6B, 0xB8, 0x80, 0x4B, 0x68, 0xC3, 0xFC, 0x7B, 0x69, 0xE0, 0x89, 0x1B, 0xAC, 0xF0, 0x92, 0xAA, 0x94, 0x7D, 0xC2, 0x44, 0xFC,
0xC1, 0xB5, 0x31, 0x8D, 0x68, 0x86, 0xDB, 0x10, 0x82, 0x93, 0x20, 0x3D, 0x27, 0xF7, 0x06, 0x04, 0x8A, 0x50, 0x43, 0xC0, 0xAD,
0x6D, 0xFA, 0xF3, 0x2B, 0xE4, 0x15, 0x13, 0xA7, 0xFF, 0x4E, 0x27, 0x28, 0x5F, 0xAD, 0xD2, 0x7C, 0x98, 0xCC, 0xE7, 0xD9, 0x93,
0x71, 0x91, 0x48, 0x83, 0xDA, 0xA0, 0x60, 0xD8, 0xB0, 0x5E, 0xF8, 0xE1, 0xD8, 0xCB, 0x41, 0x93, 0xE1, 0x1E, 0x58, 0xD7, 0x1B,
0xD0, 0x50, 0x78, 0x85, 0x9D, 0xCE, 0xA8, 0x2D, 0x6D, 0x3E, 0x5F, 0xC6, 0xD8, 0x1E, 0xB6, 0x44, 0x43, 0x5B, 0xD1, 0x5E, 0x47,
0x16, 0x69, 0x72, 0x12, 0xFA, 0x34, 0x6B, 0xD4, 0xD7, 0xA5, 0x44, 0x97, 0x68, 0xFD, 0x43, 0x6D, 0x48, 0xAF, 0xB2, 0x0C, 0xAF,
0x26, 0xBF, 0xAC, 0xD1, 0x88, 0x3B, 0x73, 0x6C, 0xAE, 0x96, 0xFD, 0xF5, 0xDE, 0xD3, 0x29, 0xEB, 0x06, 0xBB, 0xF2, 0x86, 0xCF,
0x3C, 0x5D, 0xF8, 0x61, 0x5F, 0x9C, 0x15, 0x81, 0xD3, 0x19, 0x8B, 0x9C, 0x46, 0xC1, 0x57, 0x6B, 0xFD, 0xF9, 0xFD, 0x8C, 0xC0,
0xDC, 0x00, 0x7C, 0x8C, 0x7B, 0xBC, 0x64, 0x41, 0xB6, 0x8D, 0xFE, 0xA2, 0x8C, 0x56, 0xA2, 0x2C, 0xE9, 0x08, 0x84, 0x1F, 0x22,
0x8B, 0xA3, 0xF4, 0x26, 0xF4, 0xB2, 0xC4, 0xF8, 0x9C, 0x24, 0x34, 0x9D, 0xB0, 0x16, 0x3E, 0x5E, 0x19, 0xA7, 0xBD, 0xAE, 0xE9,
0x56, 0x36, 0x89, 0xC9, 0x08, 0x6F, 0x7E, 0xE5, 0xDD, 0x5A, 0x2C, 0x4C, 0x09, 0x03, 0xB4, 0x3C, 0xBA, 0x03, 0x11, 0x37, 0x35,
0x06, 0x7E, 0x98, 0x43, 0xDB, 0xF4, 0xB2, 0xC6, 0x72, 0x9F, 0x00, 0xEB, 0x56, 0xB2, 0x08, 0x58, 0x58, 0x7B, 0xA1, 0xEE, 0x11,
0x2C, 0x8B, 0x16, 0xFF, 0x2A, 0x3A, 0xFE, 0x8F, 0xD6, 0x40, 0x00, 0x89, 0x2F, 0xD3, 0x10, 0x74, 0xE6, 0x1C, 0x64, 0x25, 0xFF,
0x15, 0x66, 0x81, 0x92, 0x68, 0x80, 0xF1, 0xCB, 0xF5, 0x67, 0x38, 0x2A, 0xE1, 0xF3, 0x74, 0x05, 0x3A, 0xC5, 0x7E, 0x85, 0xDA,
0x87, 0x8C, 0xCF, 0x2F, 0x58, 0x53, 0x7F, 0x9E, 0xA2, 0x0D, 0xFB, 0xC5, 0x64, 0x92, 0x05, 0xF9, 0xB5, 0x98, 0xFD, 0xAF, 0xE2,
0x8E, 0x77, 0xBD, 0xB6, 0xFF, 0x58, 0x1E, 0xDA, 0x1E, 0xFB, 0x4B, 0xCA, 0xF3, 0x07, 0x32, 0x3A, 0x5F, 0x65, 0xF2, 0xFF, 0x1D,
0x7D, 0x7F, 0xB8, 0xE0, 0xE7, 0xC9, 0x37, 0xE4, 0xAC, 0x3E, 0x45, 0xA8, 0x48, 0xD9, 0xF3, 0xC9, 0x32, 0xA5, 0x82, 0x1D, 0x04,
0x74, 0xC2, 0x9D, 0xDC, 0xF1, 0x03, 0xF5, 0x07, 0xA2, 0x09, 0x3E, 0x40, 0xE7, 0xED, 0xB8, 0xE4, 0x61, 0x02, 0x65, 0xE3, 0x24,
0x87, 0x05, 0x01, 0x3D, 0xD3, 0xCD, 0x83, 0xC2, 0x6A, 0x3F, 0x9E, 0xF5, 0xBD, 0x78, 0xE4, 0xC5, 0x20, 0xB6, 0x11, 0xD5, 0xFA,
0xEE, 0x11, 0x57, 0x32, 0xF3, 0xD7, 0x93, 0x3D, 0xDE, 0x15, 0x7C, 0x94, 0x2C, 0xD3, 0x71, 0xF0, 0x6F, 0x46, 0xF4, 0x7E, 0x39,
0xB0, 0x3D, 0xBA, 0x71, 0xA4, 0x5A, 0x6D, 0x46, 0xDF, 0x7C, 0x79, 0xE4, 0xCE, 0xA2, 0x14, 0xC5, 0x0D, 0x1A, 0xA2, 0x9F, 0xF4,
0x34, 0x93, 0x76, 0x1E, 0xBB, 0x90, 0xCE, 0x79, 0x1A, 0x09, 0x76, 0x4D, 0x24, 0x2D, 0xC1, 0x93, 0xD1, 0x14, 0x37, 0x37, 0x53,
0xB4, 0x81, 0x1E, 0x84, 0xA1, 0xF9, 0x54, 0x07, 0x72, 0xC5, 0xBD, 0xCF, 0x51, 0x48, 0x37, 0xB4, 0xDF, 0x53, 0xE7, 0xE3, 0x10,
0x33, 0xD9, 0xA3, 0xE6, 0x1F, 0xC4, 0x7E, 0x5D, 0x8E, 0x89, 0xAB, 0x51, 0xBF, 0x6F, 0xD2, 0xD6, 0x1F, 0x4F, 0xFB, 0x8A, 0x62,
0x53, 0xAF, 0x5E, 0x57, 0xC4, 0x2D, 0x5C, 0xCB, 0xA5, 0x6F, 0x57, 0xBC, 0xD9, 0x4D, 0x53, 0x9A, 0x76, 0x32, 0x18, 0x46, 0x20,
0x54, 0xA7, 0x5D, 0x89, 0x93, 0x76, 0x18, 0x27, 0x35, 0xB9, 0xBC, 0x96, 0xAA, 0x26, 0xB4, 0xEA, 0x4E, 0x14, 0x4C, 0xF2, 0xDD,
0x7A, 0x5F, 0x5A, 0xED, 0x56, 0xD5, 0xC9, 0x29, 0x92, 0xA8, 0xE6, 0x5C, 0x4B, 0xBD, 0x6A, 0xD7, 0xF2, 0x09, 0x66, 0x42, 0x73,
0x3F, 0xCF, 0x1B, 0x9E, 0x96, 0x19, 0x37, 0x0F, 0x9E, 0x9E, 0x9E, 0xBA, 0x31, 0xBF, 0x15, 0x3D, 0x05, 0xCA, 0x77, 0xC7, 0x89,
0xBB, 0xFC, 0x68, 0x9E, 0xA4, 0xDF, 0x0F, 0xE7, 0x53, 0x76, 0x29, 0x63, 0x3F, 0x4E, 0x83, 0x28, 0x99, 0x26, 0xEE, 0x69, 0x30,
0x02, 0x0E, 0xF6, 0x22, 0x28, 0xA5, 0xDC, 0xAB, 0x6E, 0xE5, 0x8E, 0x62, 0x9C, 0x67, 0xBD, 0x19, 0xBB, 0xDC, 0xED, 0x16, 0x8B,
0x0B, 0x46, 0xB5, 0x7B, 0x8D, 0xC1, 0xA6, 0xFE, 0xF4, 0x8A, 0xA3, 0xC5, 0x51, 0xFA, 0x9C, 0xBD, 0xA9, 0x73, 0x36, 0xDA, 0x19,
0x6A, 0x07, 0x0C, 0x6D, 0xEA, 0x03, 0xB6, 0x08, 0x89, 0xCF, 0x3A, 0xEC, 0x7C, 0x12, 0x5D, 0x61, 0xD8, 0x50, 0xDB, 0x9D, 0x26,
0x27, 0x30, 0xB1, 0xFD, 0xDA, 0x81, 0x42, 0x39, 0x7D, 0xA0, 0x78, 0x73, 0xFB, 0xE7, 0x1C, 0xD8, 0x28, 0xBF, 0xC2, 0xB8, 0x94,
0x6B, 0x33, 0x6B, 0x47, 0x36, 0xCA, 0xF5, 0x81, 0x1D, 0xF0, 0xBA, 0xD7, 0x3F, 0x3A, 0xCB, 0x1B, 0x10, 0xA2, 0x2A, 0xA3, 0x63,
0x50, 0x3C, 0x19, 0xD8, 0xA4, 0x97, 0x2E, 0x2E, 0xD8, 0x0E, 0x48, 0xAC, 0xEF, 0xDF, 0x8E, 0x93, 0xC5, 0xF9, 0x2E, 0xD9, 0x1C,
0x6C, 0xDE, 0x26, 0xDF, 0xA3, 0x69, 0x8C, 0x1C, 0x25, 0x93, 0x1C, 0xD3, 0x51, 0xB8, 0xE4, 0x18, 0x0D, 0xF5, 0x34, 0x4C, 0x11,
0xFE, 0x46, 0xB0, 0x0B, 0x8A, 0x33, 0x58, 0xD9, 0x96, 0xB0, 0x62, 0xA5, 0x26, 0xEA, 0xF0, 0xEC, 0x16, 0x5D, 0xB8, 0x71, 0x51,
0xC3, 0xAB, 0x39, 0x11, 0x83, 0xBC, 0x4E, 0xD6, 0x1F, 0x9D, 0xF7, 0xE2, 0x71, 0x2F, 0xF3, 0xFA, 0xB7, 0xDC, 0x81, 0x05, 0xAF,
0x87, 0xBC, 0x2E, 0x39, 0x64, 0x95, 0x09, 0x4C, 0x61, 0x1A, 0x8E, 0x96, 0x28, 0x03, 0x7A, 0xCF, 0x93, 0x18, 0x5F, 0x07, 0xE9,
0x38, 0xF4, 0xA2, 0xDE, 0xD1, 0x0C, 0xBA, 0xB6, 0x1F, 0x85, 0x1F, 0x03, 0x02, 0xB0, 0xD8, 0x25, 0xA5, 0x78, 0x2F, 0xFB, 0xB8,
0x28, 0x42, 0x96, 0x19, 0x37, 0x46, 0xF3, 0xDE, 0x77, 0x61, 0xF1, 0xC6, 0x0B, 0x64, 0xF0, 0x78, 0x0D, 0xEF, 0xD9, 0x63, 0xF6,
0x97, 0x30, 0x26, 0x1F, 0xC3, 0x1C, 0xAD, 0x97, 0x80, 0x9E, 0x60, 0x8E, 0xB7, 0x5E, 0xD3, 0x9D, 0x58, 0x17, 0x07, 0xBB, 0x48,
0x93, 0x59, 0x38, 0x0A, 0x31, 0xFD, 0xD3, 0x7A, 0x6B, 0xCB, 0x24, 0x4A, 0xE8, 0x39, 0x5E, 0x6F, 0x92, 0x24, 0x86, 0xFE, 0xA4,
0x4E, 0x07, 0x7E, 0x07, 0xCD, 0x26, 0x36, 0xB5, 0x2C, 0xF9, 0x82, 0x4E, 0xCC, 0x40, 0x21, 0x2E, 0xF8, 0x65, 0xBF, 0xEB, 0x2F,
0xE8, 0xCC, 0x96, 0xA3, 0x79, 0x88, 0xAE, 0x3D, 0x68, 0x91, 0x3D, 0x0A, 0x72, 0xEC, 0x4C, 0xB6, 0xD6, 0x75, 0x9C, 0xE2, 0x69,
0x12, 0x06, 0x91, 0x0F, 0x6A, 0x33, 0x7F, 0x05, 0x2F, 0x00, 0x3B, 0xF4, 0x41, 0x46, 0x81, 0xB2, 0xB0, 0x26, 0x3E, 0xA0, 0xBF,
0x8C, 0x22, 0x41, 0x76, 0x78, 0x99, 0x26, 0xF3, 0x45, 0xFE, 0x0C, 0xBF, 0xE0, 0xBC, 0x8F, 0x42, 0xA0, 0x9E, 0xB3, 0xA1, 0x83,
0x3A, 0x1C, 0x8D, 0x23, 0x99, 0x85, 0xBE, 0x1F, 0xC4, 0xE2, 0xE2, 0x49, 0xDE, 0x94, 0x0E, 0xB3, 0xE7, 0xC3, 0xBC, 0x26, 0x53,
0x22, 0x3F, 0x70, 0x0A, 0x0E, 0xFC, 0x12, 0x7B, 0x66, 0x3D, 0x71, 0x59, 0xE0, 0x5E, 0x85, 0x26, 0x40, 0x0B, 0xE1, 0x9E, 0xDF,
0x98, 0xAA, 0xD9, 0xB6, 0x5A, 0x88, 0xAA, 0x89, 0xCE, 0x1E, 0xEE, 0x26, 0x90, 0xB8, 0x1E, 0xA2, 0x6F, 0xC3, 0x6C, 0x5B, 0xAD,
0xC3, 0xA7, 0x4D, 0xBD, 0x86, 0xB3, 0x9C, 0xAE, 0x1E, 0xEC, 0x78, 0xB2, 0xA0, 0x54, 0x51, 0x41, 0x36, 0xCD, 0xC3, 0xA2, 0x05,
0x39, 0xAE, 0x66, 0xE8, 0x1C, 0xD2, 0xA2, 0x7B, 0x96, 0x89, 0x33, 0xA6, 0xCD, 0x18, 0x0F, 0x1E, 0x6E, 0x68, 0xA3, 0xA9, 0x8E,
0xB9, 0xE3, 0x6A, 0x6F, 0x28, 0xFB, 0xE6, 0x88, 0xE8, 0x0C, 0x82, 0x0A, 0x8C, 0x55, 0x55, 0xBF, 0xC4, 0x85, 0xB7, 0x72, 0x32,
0x08, 0x0E, 0xFF, 0x07, 0x50, 0x4D, 0x9B, 0x25, 0x84, 0xA8, 0xD0, 0x41, 0xEF, 0x83, 0xD6, 0x15, 0x17, 0x4A, 0x14, 0xDE, 0xF3,
0x9A, 0x85, 0xBF, 0x05, 0x3B, 0x1B, 0xEE, 0x76, 0x1A, 0xCC, 0xA1, 0x0B, 0xD0, 0x77, 0x2C, 0xD1, 0xA0, 0x2B, 0xCF, 0xA8, 0xB7,
0xF7, 0x15, 0x3A, 0x53, 0xCF, 0x4D, 0xB6, 0x69, 0xB2, 0x4A, 0x88, 0x15, 0x24, 0xA4, 0x5F, 0xE5, 0x5D, 0x41, 0x4A, 0x7B, 0x87,
0x18, 0x8F, 0x55, 0x71, 0x0B, 0x6F, 0x93, 0x26, 0x0A, 0xA1, 0xC2, 0xEF, 0x08, 0x3E, 0xC4, 0x78, 0x9F, 0x74, 0xCE, 0x42, 0x17,
0xF6, 0x7D, 0x7F, 0x25, 0x5D, 0xCA, 0x4F, 0xE5, 0xEF, 0xA6, 0x82, 0x43, 0x84, 0x0A, 0x3D, 0x5C, 0xD2, 0x9B, 0xBE, 0xE3, 0x7F,
0x1B, 0xF1, 0x51, 0x84, 0x08, 0x8A, 0x91, 0x7D, 0x7D, 0x42, 0x84, 0xEE, 0xED, 0xF5, 0x09, 0x72, 0xAC, 0xB2, 0x85, 0x5D, 0x49,
0x89, 0xBA, 0x83, 0x88, 0xDC, 0xAA, 0x0A, 0x6E, 0x91, 0x59, 0xB2, 0x1E, 0x76, 0x71, 0x88, 0xAF, 0x85, 0x9C, 0x38, 0x7B, 0x5B,
0x2B, 0x42, 0x36, 0x2C, 0x6C, 0xFB, 0x6F, 0xC9, 0xA4, 0x65, 0x30, 0xEF, 0x35, 0x31, 0x6A, 0x36, 0x4E, 0xC3, 0x85, 0x40, 0x1B,
0x8C, 0x2A, 0xCB, 0x89, 0xB7, 0xC0, 0x7C, 0x46, 0x79, 0x40, 0x86, 0xE4, 0x93, 0x80, 0xC4, 0x53, 0x57, 0x1C, 0x71, 0x73, 0xD0,
0x0E, 0xA1, 0x77, 0x00, 0x77, 0x2B, 0x3E, 0xC3, 0x36, 0xA0, 0xA2, 0xC4, 0x73, 0xD0, 0x75, 0x76, 0x88, 0xE3, 0xE8, 0xEF, 0x0F,
0x5F, 0x1D, 0xD9, 0x5E, 0x3F, 0x85, 0x7F, 0xF3, 0xA5, 0x0F, 0x55, 0x06, 0xC6, 0xA7, 0x24, 0x9E, 0x1A, 0xDF, 0xC4, 0xDD, 0x52,
0x8F, 0xC3, 0x08, 0x66, 0x56, 0x81, 0xA8, 0x7E, 0x7A, 0xF1, 0xE3, 0x0E, 0x41, 0xB1, 0x52, 0x7C, 0x96, 0xCF, 0x12, 0x65, 0x88,
0x78, 0xF3, 0x81, 0xD1, 0x69, 0x7C, 0xF9, 0xC4, 0x37, 0x5E, 0x3D, 0x0D, 0x63, 0xF6, 0xDA, 0x8B, 0x22, 0xF5, 0xCB, 0xC3, 0x30,
0x0D, 0xE8, 0xDD, 0xF3, 0x66, 0x1D, 0xCF, 0x68, 0xEE, 0x29, 0x16, 0x2B, 0x5F, 0xC1, 0xB6, 0xC5, 0xE8, 0x00, 0xBC, 0xD3, 0xDA,
0x87, 0x37, 0x1A, 0x28, 0x7C, 0x63, 0x40, 0x7A, 0xE2, 0xE3, 0xC8, 0xD5, 0xA9, 0x81, 0xD7, 0x16, 0x7C, 0x15, 0x6F, 0x0D, 0x54,
0x51, 0x87, 0x3A, 0x90, 0xDA, 0x14, 0xF3, 0xA4, 0xDF, 0x1F, 0x0C, 0x71, 0x7F, 0xDB, 0x25, 0x1B, 0x43, 0xBC, 0x63, 0xA1, 0x4B,
0x36, 0x87, 0xB0, 0x5B, 0x12, 0x85, 0x81, 0x98, 0x7E, 0x0C, 0xCE, 0x15, 0xC8, 0xDC, 0x7B, 0xEB, 0xA8, 0x9E, 0xA4, 0xD4, 0x52,
0x36, 0x00, 0x87, 0x69, 0xA6, 0xA2, 0xF3, 0x37, 0xA3, 0xAB, 0xC2, 0x35, 0xD9, 0xF8, 0x00, 0x92, 0x25, 0xF4, 0x9F, 0x7B, 0x39,
0xF6, 0xFC, 0x38, 0xF9, 0x18, 0xC4, 0xB6, 0xEF, 0xAF, 0xFC, 0xE9, 0xAA, 0xEF, 0x3C, 0x9D, 0xAA, 0xAD, 0x48, 0x79, 0x3E, 0x27,
0xCF, 0x81, 0xC8, 0xAF, 0xF8, 0x53, 0x90, 0x66, 0xFA, 0xB8, 0x30, 0x99, 0xCB, 0xE3, 0x9A, 0xEF, 0x45, 0x60, 0xED, 0x0E, 0x79,
0xFB, 0x5E, 0xC2, 0x06, 0x13, 0x09, 0xCA, 0xCB, 0x5F, 0x32, 0xC4, 0x2C, 0xDB, 0x20, 0xEC, 0x90, 0x4F, 0x17, 0xC5, 0x07, 0x2F,
0x1F, 0x27, 0x3F, 0x84, 0x59, 0x9E, 0xA4, 0xE7, 0x4A, 0x05, 0x6E, 0x58, 0xCD, 0x0C, 0x28, 0x2F, 0xA5, 0x4E, 0x21, 0x24, 0xF6,
0xED, 0x62, 0x57, 0x6C, 0x92, 0x98, 0xCC, 0x80, 0x49, 0xC4, 0xF3, 0xD8, 0x4C, 0x96, 0x19, 0xC8, 0x6D, 0x3B, 0xC4, 0x4F, 0xC6,
0x4B, 0xFC, 0xE4, 0xC2, 0xA6, 0xF0, 0x11, 0x2B, 0x75, 0x70, 0xFE, 0xC4, 0x6F, 0x53, 0x89, 0x9F, 0xF1, 0x2E, 0x3A, 0x9D, 0x72,
0x90, 0x81, 0x97, 0x8E, 0x67, 0x8C, 0xE2, 0x2B, 0xEB, 0x96, 0x85, 0xAC, 0x35, 0xA9, 0xFC, 0x69, 0x50, 0x19, 0x8F, 0x2B, 0x3A,
0x06, 0x0B, 0x33, 0xB2, 0x3F, 0x48, 0xCE, 0x6A, 0x60, 0xE4, 0x93, 0x48, 0x29, 0x5A, 0x09, 0xA6, 0x0E, 0x86, 0x52, 0x50, 0x83,
0x50, 0x48, 0x8C, 0x86, 0xBD, 0x31, 0xCB, 0xD7, 0x03, 0x5C, 0xD1, 0x2F, 0xAD, 0xB4, 0x04, 0x4B, 0xE7, 0xCB, 0x4A, 0x30, 0x6A,
0x41, 0x09, 0x82, 0x2E, 0xA4, 0x2B, 0x21, 0xA8, 0x05, 0x25, 0x08, 0xE5, 0x1D, 0xE4, 0x35, 0xB5, 0xA5, 0xAB, 0xCE, 0xCB, 0x9A,
0x52, 0xFA, 0xC4, 0x9A, 0xAA, 0x72, 0x92, 0x45, 0x89, 0xBE, 0x8A, 0x4C, 0x7F, 0x75, 0xC4, 0x55, 0xA6, 0x03, 0xD4, 0x6A, 0x3E,
0x8A, 0xFD, 0x55, 0xF5, 0x30, 0x87, 0x5E, 0x47, 0x12, 0x20, 0x3C, 0xDD, 0x59, 0x4D, 0xB5, 0x32, 0x25, 0x9A, 0xD4, 0x9A, 0x77,
0x12, 0x1C, 0x50, 0xC5, 0xA0, 0xAE, 0x3D, 0x3C, 0x6E, 0x90, 0x66, 0x35, 0x02, 0xA6, 0x58, 0x59, 0x89, 0x96, 0x32, 0x66, 0x83,
0x1D, 0x4E, 0xD7, 0x71, 0x3A, 0x3B, 0xBD, 0x2E, 0x6B, 0x9C, 0x04, 0x69, 0x38, 0x39, 0xDF, 0x07, 0x51, 0xB4, 0xB2, 0xC9, 0xB2,
0xA8, 0x3C, 0xFF, 0xCB, 0x0C, 0xDF, 0xD4, 0x4D, 0x3E, 0x2B, 0xA1, 0xD6, 0x41, 0x95, 0x61, 0x85, 0x60, 0xE1, 0xF5, 0x44, 0x49,
0xB5, 0xFE, 0x4A, 0x82, 0x2D, 0xCA, 0xE8, 0x98, 0xE5, 0x12, 0xB7, 0x19, 0x82, 0x79, 0x61, 0x73, 0xBC, 0xFC, 0x03, 0x3A, 0xBF,
0xAC, 0x1E, 0x82, 0x54, 0x58, 0x82, 0x24, 0x32, 0x00, 0xD4, 0xD4, 0x2F, 0x92, 0x04, 0x48, 0x33, 0x2C, 0x07, 0xA2, 0xD7, 0x8B,
0x74, 0x29, 0x60, 0x5D, 0x6D, 0xF5, 0xE7, 0x15, 0x4D, 0xFE, 0x2C, 0xE3, 0x8C, 0x47, 0x37, 0xD4, 0x61, 0x4A, 0x04, 0x40, 0x28,
0xAD, 0x60, 0x38, 0x55, 0x7D, 0x3B, 0x34, 0xE0, 0x4A, 0x6F, 0x69, 0x45, 0x35, 0x29, 0x54, 0xAB, 0x53, 0xA1, 0x30, 0x56, 0xD6,
0x55, 0x6C, 0xD4, 0x1D, 0x7D, 0xB9, 0x5D, 0x31, 0x95, 0xB2, 0xB7, 0x53, 0xC7, 0xAA, 0x58, 0xD4, 0x08, 0x86, 0xC2, 0x3A, 0xD8,
0x31, 0x14, 0x88, 0x7D, 0x2A, 0xDA, 0x19, 0x35, 0xD6, 0x89, 0x50, 0x6B, 0x79, 0x99, 0x2E, 0xF3, 0x18, 0xB6, 0x21, 0xC7, 0xC9,
0x51, 0xA9, 0x98, 0x54, 0x93, 0xA5, 0x5E, 0xD6, 0x02, 0xE7, 0xB0, 0x50, 0x65, 0x56, 0x82, 0x29, 0x36, 0x42, 0xE6, 0xE8, 0xD4,
0xEC, 0x50, 0x0D, 0x86, 0xA7, 0xA5, 0x93, 0xEA, 0x18, 0xAA, 0x55, 0x53, 0x80, 0xF6, 0x04, 0x3F, 0xC6, 0xEA, 0xB3, 0x1A, 0x5B,
0x2D, 0xAD, 0x64, 0x4B, 0x87, 0xB1, 0x1A, 0x53, 0x2D, 0xB5, 0x60, 0xAB, 0xA3, 0x2B, 0x6E, 0x95, 0x15, 0x65, 0xC5, 0xAC, 0xD5,
0x71, 0x3D, 0xDF, 0x7F, 0x84, 0x39, 0x06, 0x71, 0x50, 0x01, 0x8C, 0xA7, 0xDD, 0xFA, 0x18, 0x9C, 0xFB, 0xC9, 0x69, 0xDC, 0xEA,
0x92, 0xC9, 0x32, 0xA6, 0xA4, 0xD1, 0x0E, 0x3A, 0xE4, 0x13, 0xBA, 0x93, 0xB4, 0x03, 0x17, 0xBE, 0x92, 0xE1, 0x70, 0x48, 0x5A,
0x34, 0xC8, 0xA7, 0xD5, 0x21, 0x81, 0xCB, 0xB3, 0x14, 0x3E, 0x64, 0xF1, 0x87, 0xED, 0xCE, 0x2E, 0xB9, 0xE8, 0x68, 0x0A, 0x64,
0x21, 0x3A, 0x1F, 0xA5, 0x29, 0x1E, 0x42, 0xBC, 0x8C, 0xA8, 0x53, 0x3A, 0x3D, 0xC7, 0x21, 0x1E, 0xD3, 0xB7, 0xD9, 0xF5, 0x52,
0xC9, 0x84, 0xDE, 0x15, 0x5F, 0xDC, 0x0E, 0x91, 0x27, 0xA0, 0x54, 0x63, 0x4D, 0x92, 0xC4, 0x5D, 0x5B, 0xC0, 0x12, 0x3A, 0x86,
0x95, 0x77, 0xC7, 0xEC, 0xCA, 0xAD, 0xAA, 0x1A, 0x46, 0x93, 0xA6, 0x45, 0x8D, 0xAB, 0xB5, 0x9B, 0xFF, 0x56, 0xD7, 0x16, 0x8B,
0x86, 0x62, 0x2E, 0x09, 0xF4, 0xF4, 0x56, 0x8B, 0xC8, 0x02, 0xA4, 0x53, 0xDF, 0x32, 0xF4, 0x67, 0x78, 0xE7, 0x1C, 0xB2, 0xA8,
0x40, 0x51, 0xEE, 0x9D, 0x23, 0xB2, 0x46, 0x42, 0x07, 0xD1, 0x5A, 0xF2, 0xFA, 0x47, 0xFA, 0x4D, 0xEB, 0x81, 0xD8, 0x19, 0xD5,
0xF5, 0x43, 0x8E, 0x27, 0xB5, 0xB6, 0x29, 0x0A, 0x18, 0x6D, 0x4A, 0xD1, 0xA6, 0x50, 0xFA, 0x61, 0xE1, 0x52, 0x74, 0x80, 0x5B,
0xC7, 0x77, 0x8E, 0xD6, 0x97, 0x67, 0xFB, 0xFF, 0xFD, 0xCF, 0x83, 0xD7, 0x47, 0xFF, 0xDC, 0x3F, 0x3E, 0x7C, 0x71, 0x34, 0xDC,
0x18, 0x28, 0x1F, 0xB3, 0xF3, 0x0C, 0xFA, 0x38, 0x74, 0x8E, 0xCE, 0x81, 0xFC, 0xE6, 0x84, 0xF6, 0xD7, 0xD1, 0x4B, 0x3C, 0xA7,
0x26, 0x94, 0xB2, 0x1D, 0x42, 0x1B, 0x72, 0xE4, 0x52, 0x2C, 0x4A, 0xEC, 0x55, 0xB0, 0x48, 0x4A, 0xB3, 0x96, 0xB7, 0x08, 0x5D,
0x29, 0x7A, 0x0C, 0xEF, 0x0E, 0xCD, 0x6A, 0x62, 0xC8, 0xD2, 0x80, 0x62, 0x29, 0xEB, 0x47, 0xE8, 0x2F, 0x8E, 0x5E, 0x27, 0x72,
0x03, 0xE8, 0x59, 0x58, 0xA8, 0xCD, 0xCF, 0xBC, 0x85, 0xBC, 0x15, 0x72, 0x46, 0xB0, 0x28, 0xA6, 0x51, 0x92, 0x38, 0xB0, 0x85,
0x0A, 0xE3, 0x11, 0xE6, 0xB8, 0xDF, 0x71, 0x68, 0x7E, 0x50, 0xFA, 0xDB, 0xE9, 0xC2, 0x4F, 0xFE, 0xF6, 0x79, 0x92, 0x8A, 0xB7,
0xE5, 0xB6, 0xCD, 0xC1, 0x13, 0xCD, 0xD4, 0x8B, 0x94, 0xFA, 0x6F, 0x82, 0x2C, 0x37, 0xAA, 0x63, 0xBE, 0x51, 0xB3, 0x36, 0x75,
0xAF, 0x51, 0x2A, 0xEF, 0xC7, 0x79, 0xD8, 0xA3, 0x19, 0x1F, 0x4E, 0xC3, 0x2C, 0x90, 0x21, 0x94, 0x2F, 0x25, 0x08, 0x7E, 0x88,
0xF4, 0x37, 0xCE, 0x2F, 0xD9, 0x81, 0x99, 0x87, 0x16, 0xBC, 0x6C, 0x0E, 0xC8, 0xEE, 0xA1, 0x47, 0xC8, 0x25, 0xC1, 0xFC, 0xB2,
0x1C, 0x85, 0xA0, 0xED, 0x2A, 0xB5, 0x25, 0x7C, 0x49, 0xD5, 0x25, 0xDC, 0x4A, 0xF5, 0xE7, 0x41, 0x9E, 0x26, 0x8B, 0x24, 0x0A,
0x73, 0x2F, 0xBE, 0x34, 0x90, 0x38, 0xA1, 0x6E, 0x71, 0xF1, 0xA5, 0xE7, 0x72, 0x11, 0x8E, 0xC7, 0x9E, 0x1F, 0x46, 0xD1, 0x65,
0xD1, 0x00, 0x22, 0x05, 0x74, 0xBB, 0xD0, 0xBB, 0x74, 0x0F, 0x4E, 0x81, 0x80, 0x91, 0x1C, 0xD7, 0x9F, 0x0B, 0x7D, 0x15, 0x11,
0x2B, 0x00, 0x8F, 0xA2, 0x28, 0x18, 0xE0, 0x29, 0x1E, 0x03, 0x67, 0xED, 0x88, 0x1E, 0x89, 0x75, 0x4A, 0x4E, 0x60, 0xBC, 0x32,
0xA7, 0xEC, 0xA1, 0x73, 0xCC, 0x5B, 0x56, 0xFA, 0xFD, 0xAE, 0x5A, 0x18, 0x44, 0xCB, 0x13, 0xD6, 0x3D, 0xA8, 0x53, 0xAC, 0x5A,
0xBF, 0x2E, 0x83, 0xF4, 0x5C, 0xA4, 0x9F, 0x6F, 0xB7, 0xBE, 0xB1, 0xEC, 0x5A, 0xB9, 0x50, 0x7A, 0xCB, 0x8F, 0x91, 0xF9, 0x18,
0x9D, 0xF7, 0xAD, 0x8E, 0xD9, 0xC2, 0x0B, 0x3E, 0xD8, 0xAB, 0x35, 0x21, 0x50, 0xC6, 0xDB, 0x10, 0xAD, 0xE0, 0xC2, 0x58, 0x8E,
0x42, 0xC2, 0x06, 0x91, 0x06, 0xE7, 0xA2, 0xE9, 0xFE, 0x90, 0x19, 0x25, 0xA0, 0x17, 0x88, 0xA2, 0x07, 0xF8, 0xAF, 0xCB, 0xFB,
0x4D, 0x76, 0x88, 0xC3, 0x8B, 0x3A, 0x45, 0xFF, 0x2F, 0xB4, 0x26, 0xC4, 0x30, 0xF4, 0x36, 0xC4, 0xFB, 0xCA, 0x46, 0x44, 0xCF,
0xB1, 0x15, 0x51, 0xD8, 0x68, 0xE6, 0xC2, 0x98, 0xF5, 0x45, 0xB2, 0x58, 0xA2, 0x34, 0x44, 0x6B, 0x5F, 0xC6, 0x50, 0xD5, 0x66,
0x27, 0xF1, 0x96, 0x59, 0xE7, 0x76, 0x80, 0x61, 0xA5, 0xEA, 0x51, 0xD4, 0xDC, 0x95, 0x87, 0x75, 0x83, 0xBD, 0xEE, 0x90, 0x34,
0x00, 0x69, 0x1C, 0xEF, 0x96, 0xE7, 0x3D, 0xF8, 0xDA, 0xA5, 0x56, 0xF6, 0x1F, 0x8E, 0x9F, 0x3D, 0x05, 0xC0, 0x4E, 0xD9, 0x65,
0x5C, 0x81, 0x31, 0x03, 0x01, 0xCD, 0x66, 0x0F, 0x9F, 0x06, 0xBB, 0xEC, 0xD7, 0x7D, 0xB2, 0x79, 0x8B, 0xFD, 0xFC, 0xEE, 0x3B,
0x05, 0x4B, 0x05, 0x29, 0xE0, 0xB8, 0xA4, 0x3E, 0x52, 0xDF, 0x87, 0x80, 0x77, 0x93, 0xEE, 0x21, 0xE8, 0x71, 0xC6, 0xAE, 0x82,
0x5F, 0xF4, 0x1C, 0xA4, 0x34, 0x00, 0x35, 0x11, 0xB6, 0xF9, 0x55, 0x45, 0xFC, 0x11, 0x5D, 0xCC, 0xDB, 0x58, 0xB4, 0xE3, 0x2E,
0x3C, 0x9F, 0x9E, 0x18, 0xB4, 0x37, 0xBB, 0xC4, 0x19, 0x38, 0x1D, 0xF2, 0x1D, 0x71, 0x76, 0x06, 0x03, 0x47, 0x02, 0xC2, 0xC7,
0xEA, 0x2D, 0x16, 0x41, 0xEC, 0x1F, 0xCE, 0xC2, 0xC8, 0x6F, 0x33, 0xB8, 0x9D, 0xE6, 0x73, 0xC4, 0x36, 0x21, 0xB8, 0x1D, 0xB9,
0xD6, 0x29, 0x2A, 0x10, 0x3D, 0x0F, 0x63, 0x3C, 0xFF, 0xEB, 0xDD, 0x06, 0x54, 0xD3, 0xDF, 0xF7, 0x87, 0x64, 0x63, 0x93, 0x3F,
0x68, 0xC8, 0xC6, 0x79, 0xA5, 0x65, 0xFE, 0x42, 0x36, 0xB6, 0xA9, 0xBA, 0x38, 0x20, 0xFF, 0xFA, 0x17, 0x7F, 0xB7, 0x07, 0xF5,
0xC8, 0xB7, 0xDF, 0x16, 0x40, 0xB6, 0x3B, 0x4A, 0xDD, 0xAB, 0x4C, 0x55, 0x61, 0xE3, 0x18, 0xE7, 0x4B, 0x2F, 0xFA, 0x89, 0xCF,
0x18, 0x6B, 0x16, 0x7B, 0x01, 0xFD, 0xED, 0x00, 0x47, 0x6C, 0x6C, 0xDC, 0x03, 0x46, 0xC0, 0xB7, 0x4A, 0x5D, 0x6D, 0xA2, 0x25,
0x20, 0xB6, 0x62, 0xEA, 0x8C, 0xB7, 0x95, 0x26, 0x71, 0xC0, 0x1D, 0xD5, 0x84, 0xF5, 0x00, 0x57, 0x16, 0xD0, 0xF3, 0xDA, 0x5C,
0x71, 0xEA, 0x68, 0xBE, 0x46, 0x3B, 0xE4, 0xC3, 0xCD, 0x4F, 0x12, 0x90, 0x0B, 0x6E, 0x12, 0xBB, 0xF9, 0xE9, 0x99, 0x97, 0xCF,
0x5C, 0x6F, 0x94, 0xC9, 0x4D, 0x74, 0xD8, 0x70, 0x00, 0x6A, 0xAB, 0x05, 0x55, 0x5B, 0x59, 0xEB, 0xE2, 0x83, 0xD2, 0xC9, 0x06,
0x14, 0x25, 0x89, 0x97, 0x95, 0xC4, 0x55, 0x6C, 0x55, 0x90, 0xBE, 0xB2, 0xB6, 0x41, 0x58, 0xB3, 0xF4, 0x68, 0x15, 0x69, 0xB5,
0x64, 0xD7, 0x01, 0x43, 0x46, 0xCF, 0xE3, 0xE6, 0x00, 0x98, 0xC1, 0xBF, 0x65, 0xA1, 0xD1, 0x90, 0x49, 0x82, 0x90, 0x8B, 0x81,
0x50, 0x23, 0x4B, 0x42, 0xB0, 0x10, 0xE0, 0xA1, 0x9A, 0xAA, 0x5A, 0x0C, 0x4B, 0xAD, 0x8E, 0x3E, 0xE5, 0x05, 0x59, 0xE0, 0x6F,
0xEA, 0x8B, 0x35, 0x24, 0xA1, 0x9B, 0x27, 0x9C, 0xD5, 0x55, 0x36, 0x6F, 0x0D, 0x34, 0x00, 0xE1, 0xA4, 0x2D, 0x50, 0xD4, 0x29,
0x90, 0x85, 0x7B, 0x2F, 0x9C, 0x95, 0x8E, 0x29, 0xEF, 0x6D, 0x23, 0x42, 0xC6, 0xFB, 0xA2, 0x46, 0x24, 0xE6, 0xAC, 0x53, 0xCC,
0x5E, 0xE5, 0x88, 0xAA, 0x29, 0x4B, 0xEC, 0x60, 0x2B, 0x08, 0xCB, 0xE7, 0x96, 0xE4, 0xD5, 0xD4, 0xA1, 0xDB, 0x9E, 0xAB, 0xE8,
0x63, 0x9B, 0x62, 0x73, 0xC8, 0xD0, 0x49, 0xBE, 0x43, 0xF9, 0x53, 0x21, 0x7E, 0xAE, 0x82, 0xD3, 0xD0, 0xF8, 0xA2, 0xCA, 0x0B,
0x60, 0xF6, 0x50, 0xB0, 0x78, 0xA6, 0xB2, 0xAE, 0x3A, 0x64, 0x9D, 0x85, 0xAB, 0x51, 0x5B, 0xC5, 0xAB, 0xBB, 0xEA, 0x67, 0x0D,
0xE1, 0xDA, 0x57, 0x79, 0xA5, 0x57, 0x4E, 0xBB, 0x57, 0x96, 0xA3, 0xA7, 0xDB, 0x5A, 0x29, 0x69, 0x4D, 0xD2, 0x8E, 0xCA, 0x4C,
0x0D, 0x93, 0x9F, 0x89, 0xC0, 0x26, 0xBB, 0x1D, 0x66, 0xFB, 0x51, 0x94, 0x9C, 0x06, 0xF2, 0x02, 0x26, 0x4C, 0x50, 0x6E, 0x79,
0xFE, 0xED, 0xC2, 0xAE, 0xC5, 0xA3, 0xCE, 0x7F, 0x43, 0x72, 0xA3, 0xA8, 0xB3, 0x6B, 0xD4, 0xD0, 0x0F, 0x95, 0x94, 0x7A, 0x65,
0x63, 0xB8, 0x26, 0x09, 0xE3, 0xB8, 0x2B, 0xA8, 0xC9, 0x65, 0x19, 0x57, 0xEE, 0x6F, 0x77, 0xAA, 0xE1, 0x16, 0x08, 0x6F, 0x02,
0xB8, 0x38, 0x95, 0x32, 0x20, 0x17, 0x13, 0xE9, 0x65, 0xE7, 0xF1, 0xB8, 0x44, 0xCC, 0x24, 0xC8, 0xC7, 0x33, 0x1E, 0x11, 0xAB,
0x70, 0x48, 0x9E, 0x9E, 0x9B, 0x1A, 0x0E, 0xEC, 0x67, 0x17, 0xF0, 0x83, 0x2E, 0x60, 0xA7, 0xF4, 0x12, 0x63, 0xAC, 0xDE, 0x6E,
0xF5, 0x31, 0xBE, 0x11, 0x2D, 0x7E, 0x0A, 0xD1, 0x52, 0x05, 0x4C, 0x54, 0x71, 0x93, 0x8F, 0x1A, 0x2B, 0x68, 0x2A, 0x99, 0x24,
0xA0, 0x48, 0x39, 0x22, 0x61, 0x5B, 0x2C, 0x5A, 0x2C, 0xE0, 0x61, 0x73, 0x6D, 0xB9, 0xB9, 0x14, 0x43, 0x26, 0xD2, 0x72, 0x2C,
0x25, 0x2D, 0x93, 0xB1, 0x87, 0x31, 0x74, 0x9F, 0xE4, 0xB2, 0x4A, 0xDB, 0x95, 0x82, 0x44, 0x87, 0xA9, 0x4B, 0x10, 0x7A, 0xB4,
0x33, 0x34, 0xBB, 0x2B, 0x29, 0xF0, 0x5C, 0xD4, 0x78, 0xB9, 0xC7, 0x0B, 0x37, 0x3B, 0xB2, 0xDD, 0x95, 0x8F, 0x6C, 0xB1, 0x66,
0x95, 0xB2, 0x7A, 0x59, 0x85, 0x46, 0x53, 0x48, 0x24, 0x88, 0x56, 0x1D, 0x04, 0x76, 0x83, 0xA8, 0x60, 0xC4, 0x49, 0x19, 0x0A,
0xD9, 0x71, 0xCC, 0x4E, 0xDA, 0x75, 0x02, 0x51, 0x8C, 0x16, 0x01, 0x81, 0xF9, 0xC8, 0x03, 0xAA, 0x41, 0x27, 0x42, 0x32, 0xDC,
0xFB, 0x2C, 0x7A, 0x34, 0xC2, 0x76, 0x97, 0x69, 0xB4, 0x4A, 0x97, 0xA6, 0xE5, 0xF0, 0x18, 0x4A, 0x2A, 0xB8, 0x62, 0x2C, 0x9C,
0x62, 0x1A, 0x31, 0x96, 0x64, 0x4C, 0xB9, 0x3C, 0x6F, 0xA1, 0xD9, 0xBD, 0x37, 0x63, 0x50, 0x3E, 0x0F, 0x93, 0x49, 0x86, 0xFD,
0xC6, 0x7C, 0xA6, 0x0C, 0xED, 0x0A, 0xAC, 0xA6, 0xA1, 0x0D, 0x05, 0xF0, 0xAB, 0x00, 0x4F, 0xAC, 0x0E, 0x98, 0x2D, 0xAA, 0x8D,
0x9D, 0xEB, 0x52, 0x47, 0xE7, 0x2E, 0x01, 0xB1, 0x0F, 0xFF, 0xC0, 0x3C, 0xE8, 0x7C, 0xC8, 0xAF, 0x21, 0x7F, 0xAA, 0xB1, 0xA3,
0x34, 0x30, 0x8D, 0x5F, 0xBC, 0x08, 0x48, 0xCA, 0x3F, 0x7F, 0x74, 0x06, 0x5F, 0x51, 0xB8, 0x48, 0x00, 0xDC, 0x2C, 0x81, 0x25,
0x45, 0x50, 0x27, 0xA5, 0x10, 0x84, 0x43, 0x95, 0x62, 0xFC, 0xA1, 0xEE, 0x30, 0x15, 0x40, 0xD2, 0x3E, 0xB3, 0x20, 0xF9, 0xA0,
0x90, 0x12, 0x6F, 0x5D, 0xD7, 0x95, 0xDA, 0x29, 0xCF, 0x2A, 0x28, 0xB5, 0x2D, 0xE3, 0x6C, 0x16, 0x4E, 0xF2, 0xF6, 0x27, 0x62,
0x1B, 0x71, 0x49, 0x70, 0x44, 0x80, 0xA3, 0xB5, 0x32, 0x74, 0xA5, 0x6F, 0x0F, 0xBA, 0xEA, 0x41, 0x68, 0x59, 0xB6, 0x62, 0x8E,
0xB1, 0xAE, 0xD4, 0x49, 0x2B, 0x41, 0x8E, 0xA2, 0x64, 0x04, 0x45, 0x31, 0x4D, 0xDF, 0x01, 0xFC, 0x6C, 0xCB, 0x64, 0xF5, 0xF6,
0xEF, 0x47, 0x2F, 0x9E, 0xBB, 0xEC, 0x58, 0x39, 0x9C, 0x9C, 0xB7, 0x11, 0x1E, 0xE6, 0xEA, 0x8B, 0xA2, 0x2E, 0xD9, 0xEC, 0x94,
0x5E, 0x20, 0xF8, 0xDF, 0x27, 0xEA, 0xAD, 0x06, 0xFB, 0x08, 0xE8, 0x4B, 0x14, 0x32, 0x87, 0xBF, 0x3E, 0xA5, 0x63, 0x99, 0x18,
0x65, 0x31, 0x21, 0x7A, 0x80, 0xC7, 0xD8, 0x18, 0x06, 0xC9, 0x7B, 0xF1, 0x98, 0x3F, 0x2A, 0xD4, 0x28, 0xCA, 0x70, 0x6E, 0x6D,
0xB7, 0x26, 0x61, 0x14, 0xB4, 0xBA, 0xB4, 0xF7, 0xA0, 0x59, 0xDA, 0x99, 0xA7, 0x31, 0xEF, 0x2D, 0x17, 0x51, 0xE2, 0xF9, 0x00,
0x4E, 0x61, 0xAA, 0x79, 0x90, 0xCF, 0x12, 0x1F, 0x46, 0xF4, 0xF2, 0xC5, 0xD1, 0x71, 0x4B, 0x19, 0x2C, 0xBA, 0x47, 0xEE, 0x14,
0x9D, 0x92, 0xD8, 0x4E, 0x6D, 0x76, 0x05, 0xD7, 0xB2, 0x4E, 0x8C, 0x60, 0x8D, 0x0F, 0x40, 0x43, 0x76, 0x1E, 0x7B, 0x21, 0xAE,
0xFB, 0x79, 0x42, 0xD9, 0x83, 0xE0, 0x14, 0x13, 0x3E, 0x26, 0x7C, 0x49, 0x4F, 0x98, 0x5D, 0xA7, 0xCB, 0x8E, 0xBB, 0x55, 0xB5,
0xB1, 0x9A, 0xFF, 0x05, 0xAB, 0xB6, 0x03, 0xA8, 0x23, 0x37, 0x5F, 0xD9, 0x38, 0x43, 0x86, 0xD2, 0xFC, 0x0E, 0x71, 0xC8, 0x77,
0x04, 0x20, 0xB8, 0x3C, 0x0E, 0xDE, 0xE8, 0x44, 0xD1, 0x5E, 0xB5, 0xD8, 0x30, 0x97, 0xDD, 0x49, 0x18, 0xFB, 0xA8, 0xAC, 0xF9,
0xB2, 0x10, 0x58, 0xB9, 0xF8, 0xDA, 0xB8, 0x9D, 0x8D, 0x9F, 0x2F, 0x3C, 0x00, 0xB5, 0x8E, 0xAF, 0xF1, 0x14, 0x01, 0x49, 0x78,
0xB7, 0x5E, 0x1B, 0xA8, 0x10, 0xEA, 0xCD, 0xFB, 0x44, 0x27, 0x9F, 0xF6, 0x88, 0x69, 0x69, 0x0A, 0xF6, 0x31, 0x36, 0x54, 0x37,
0xC4, 0x3B, 0x5D, 0xE6, 0xE0, 0xA6, 0x4A, 0x61, 0x5D, 0xAC, 0xAE, 0xAF, 0x70, 0xD8, 0xCC, 0xFD, 0x7F, 0xBC, 0xDE, 0xC1, 0xDC,
0x89, 0xE1, 0x0B, 0xDF, 0x96, 0x79, 0x18, 0x11, 0x8B, 0xCB, 0x35, 0x25, 0xBC, 0x31, 0xDE, 0x76, 0xE6, 0xBA, 0x5F, 0xB8, 0xEA,
0x81, 0xD3, 0xDE, 0x58, 0xF7, 0xC0, 0x33, 0x3B, 0xD2, 0x46, 0x46, 0x2A, 0x89, 0x12, 0x5E, 0x75, 0x9C, 0x4B, 0x2B, 0x25, 0x95,
0x64, 0x84, 0x5E, 0x86, 0xD5, 0x6C, 0x37, 0xF3, 0x62, 0x3F, 0x0A, 0xA4, 0x1A, 0x7C, 0x0F, 0x66, 0x50, 0x39, 0xE3, 0x1B, 0x69,
0xB3, 0x62, 0x10, 0x12, 0x43, 0x87, 0x46, 0x2C, 0x28, 0xBD, 0x70, 0xFB, 0x62, 0x67, 0x6F, 0xED, 0xD0, 0xFB, 0x06, 0x2D, 0x6D,
0x59, 0x51, 0xF5, 0x56, 0x0B, 0xCC, 0xD3, 0x0A, 0x2A, 0xEA, 0x0B, 0x3E, 0xA4, 0xFE, 0xAB, 0xAB, 0xCB, 0xA0, 0x31, 0xB0, 0x28,
0xA5, 0xE8, 0x85, 0x72, 0xA9, 0xA7, 0x5E, 0x5E, 0x14, 0x82, 0x05, 0xDA, 0x5E, 0x86, 0x92, 0x11, 0x2F, 0x93, 0xC4, 0x15, 0x3D,
0x7A, 0xF1, 0x23, 0x14, 0xC2, 0x49, 0xA9, 0x18, 0x9F, 0x70, 0x26, 0x52, 0x99, 0xF0, 0x29, 0x77, 0x9B, 0xDF, 0x21, 0xF7, 0x47,
0x7B, 0x48, 0x37, 0x65, 0x7F, 0x91, 0x70, 0xEE, 0xF7, 0xE1, 0xED, 0xAE, 0xE6, 0x38, 0x80, 0x5B, 0x5F, 0x79, 0xF6, 0x61, 0xD1,
0xA7, 0x21, 0xF2, 0x07, 0xC2, 0x78, 0x7E, 0x90, 0x9C, 0xB5, 0x57, 0x29, 0xB5, 0x8C, 0x40, 0x0E, 0x25, 0x4F, 0xA3, 0xCB, 0xAB,
0xB5, 0x7E, 0x10, 0x3D, 0x98, 0x0C, 0x6B, 0xB5, 0xDB, 0x42, 0x9B, 0x2C, 0x57, 0x91, 0x0A, 0x7D, 0xE6, 0xED, 0xFB, 0xDD, 0x35,
0xD6, 0x19, 0x6D, 0x54, 0xD4, 0x62, 0x8D, 0x87, 0x17, 0x47, 0x3F, 0x31, 0x54, 0xB4, 0x69, 0xD2, 0x94, 0x2E, 0xAE, 0x6B, 0x49,
0xFA, 0x8C, 0x2D, 0x6C, 0x06, 0x0F, 0x80, 0xEE, 0x83, 0xD7, 0xCD, 0x20, 0x23, 0x63, 0x69, 0x17, 0x9F, 0xDB, 0x06, 0x11, 0xF3,
0x52, 0x36, 0x49, 0xCF, 0x97, 0x26, 0x65, 0xE1, 0x4F, 0x3E, 0x6A, 0x9E, 0xC0, 0xDC, 0x61, 0x78, 0x49, 0x7D, 0xB8, 0xA5, 0x55,
0xDC, 0x26, 0xF8, 0xB1, 0x41, 0xD1, 0x1E, 0x8B, 0x6C, 0x0C, 0xB2, 0x76, 0xCB, 0x69, 0x75, 0x6A, 0x96, 0xF7, 0xD6, 0xC3, 0x64,
0x89, 0x17, 0x0E, 0xFD, 0xBA, 0x4C, 0xF0, 0x0A, 0xF5, 0xB6, 0xD3, 0xA1, 0x19, 0x0A, 0x68, 0x4A, 0x0E, 0x7E, 0xC0, 0x10, 0xB2,
0x24, 0x45, 0xC2, 0x7B, 0xA1, 0x2F, 0x79, 0x50, 0x70, 0x2F, 0x86, 0xCC, 0x6D, 0x99, 0x4B, 0x93, 0x39, 0x30, 0xBA, 0x86, 0xAD,
0x18, 0x03, 0x57, 0xE7, 0xB3, 0x93, 0x57, 0xC1, 0x34, 0x38, 0x03, 0xE4, 0xF6, 0xFF, 0xE7, 0xED, 0xFF, 0x74, 0xDF, 0x65, 0xEF,
0xBF, 0x6B, 0xBF, 0xCB, 0xFE, 0x0A, 0x3F, 0xFE, 0xCA, 0x1F, 0x3B, 0x7F, 0xBD, 0xD9, 0x57, 0x57, 0x54, 0x51, 0xC9, 0x45, 0x03,
0xBB, 0x40, 0x44, 0xDD, 0xD8, 0x95, 0xE9, 0xBD, 0xA6, 0xFE, 0x9B, 0x75, 0x2D, 0x53, 0xCA, 0x27, 0x94, 0x77, 0xB1, 0x80, 0xD2,
0x90, 0x4C, 0x5F, 0x2A, 0x8E, 0x27, 0xA6, 0x70, 0x66, 0x99, 0x80, 0x24, 0xE9, 0xAC, 0x7A, 0xAA, 0x58, 0x25, 0x33, 0x70, 0x29,
0xFA, 0x5B, 0x08, 0x1E, 0xAD, 0xE4, 0x08, 0x8B, 0xD3, 0x8B, 0x66, 0x70, 0x63, 0x90, 0xA8, 0x4A, 0x5B, 0xF0, 0xAA, 0x1E, 0x3F,
0x81, 0x4B, 0x00, 0xE2, 0x52, 0x3A, 0xF5, 0x02, 0x01, 0xF1, 0xC9, 0xB2, 0x33, 0xB5, 0xD4, 0xE4, 0xD2, 0x72, 0x45, 0x51, 0x28,
0xC8, 0x7B, 0xA2, 0x0E, 0xF7, 0xA2, 0x19, 0x8E, 0x0B, 0xA9, 0xD8, 0x00, 0xBD, 0x85, 0xFB, 0xD1, 0x95, 0x30, 0xAB, 0x3A, 0x31,
0x35, 0x40, 0xAA, 0x14, 0x64, 0xD1, 0x1C, 0x9F, 0x6A, 0xA5, 0x2A, 0x54, 0x16, 0xA5, 0xAE, 0x88, 0xC5, 0xE3, 0x9F, 0x4D, 0xF4,
0xA5, 0x05, 0x5F, 0xB7, 0xDF, 0xEE, 0xF7, 0x7E, 0xF6, 0x7A, 0xBF, 0xBD, 0xFF, 0xB4, 0xD5, 0xBD, 0xE8, 0xB4, 0xDF, 0x7E, 0xD7,
0x7B, 0xFF, 0xA0, 0xFD, 0x60, 0xE7, 0xED, 0xA0, 0x77, 0xEF, 0xFD, 0xBF, 0x36, 0xE0, 0xCF, 0xAD, 0xF7, 0x1D, 0x78, 0xC6, 0x17,
0xDB, 0xEF, 0xE9, 0xDB, 0xCE, 0x03, 0xFD, 0x19, 0xDE, 0x28, 0x50, 0xB0, 0x40, 0xF7, 0x59, 0x7B, 0xF0, 0xE0, 0xED, 0x86, 0x80,
0xB2, 0xF9, 0xBE, 0xF3, 0xCE, 0x45, 0xB8, 0x1B, 0x00, 0xF0, 0x5F, 0xDB, 0xF0, 0x00, 0x2F, 0x6F, 0xBF, 0x87, 0x37, 0xEF, 0xFA,
0x4A, 0x73, 0xF0, 0x67, 0x93, 0xB5, 0xDA, 0x79, 0x70, 0x1D, 0x30, 0x3A, 0x0F, 0x24, 0x09, 0xC5, 0x06, 0x2F, 0x34, 0x95, 0x82,
0x76, 0x84, 0x2B, 0x2A, 0xC3, 0x6F, 0xB9, 0x86, 0x68, 0x13, 0x82, 0xE1, 0x29, 0xFA, 0x7C, 0x51, 0xC2, 0x60, 0xD5, 0xC4, 0xE2,
0xA2, 0xED, 0x09, 0xB0, 0x44, 0x5A, 0x4A, 0x44, 0x5A, 0xB6, 0x63, 0x94, 0xD2, 0x1B, 0x51, 0x29, 0x49, 0x95, 0x98, 0xDC, 0xF7,
0xAC, 0xE9, 0x82, 0xFA, 0x03, 0xF7, 0xF1, 0xAA, 0xA5, 0x82, 0x07, 0x37, 0x7A, 0x1D, 0x3E, 0x87, 0x88, 0x3F, 0x44, 0x67, 0xF1,
0xD4, 0x7B, 0xFF, 0x69, 0xD0, 0xBD, 0xBD, 0x71, 0x21, 0x7D, 0x6F, 0x8E, 0x55, 0x6C, 0x7D, 0x05, 0x5E, 0xCB, 0x18, 0x9F, 0xCF,
0x8E, 0x5D, 0xA5, 0xA9, 0x3A, 0x1C, 0x2B, 0xDE, 0x75, 0x06, 0xA6, 0xB9, 0x22, 0xBD, 0x1C, 0xB1, 0xB3, 0x97, 0x67, 0xA8, 0x1F,
0x51, 0x3E, 0x05, 0x1C, 0xCB, 0x1B, 0x1A, 0xBE, 0x0E, 0xB5, 0x7F, 0xED, 0x92, 0xF1, 0xA8, 0xA3, 0xED, 0x75, 0xB0, 0xEB, 0xBF,
0xF2, 0x71, 0x91, 0x3D, 0xB2, 0xA9, 0x9D, 0x3E, 0xDC, 0x74, 0xBD, 0x5F, 0xBC, 0xB3, 0xF6, 0x27, 0xD5, 0x86, 0xBC, 0x4C, 0xA3,
0x1D, 0xD2, 0xEA, 0xF3, 0x10, 0xBA, 0x45, 0x38, 0xFE, 0x18, 0xA4, 0x0F, 0x7E, 0x1D, 0xB6, 0x70, 0xFF, 0x1F, 0xE3, 0xAE, 0xEC,
0xF5, 0xAB, 0x27, 0x87, 0xC9, 0x1C, 0x94, 0x3D, 0xDC, 0x28, 0xFD, 0xDA, 0xE9, 0xAA, 0xD5, 0x8B, 0x33, 0x93, 0xEF, 0x1F, 0x69,
0x47, 0x26, 0xB0, 0x59, 0x59, 0x8E, 0xC7, 0x34, 0x20, 0xA3, 0xA0, 0xA0, 0x36, 0xEE, 0x77, 0xB4, 0x6E, 0x49, 0xC3, 0x67, 0x7D,
0xC0, 0x73, 0x3B, 0x2C, 0xE7, 0x2E, 0xBC, 0x73, 0x3C, 0x99, 0x70, 0xC5, 0x7B, 0x97, 0xA9, 0x25, 0xED, 0x0C, 0xC7, 0x9D, 0xB9,
0x1F, 0x47, 0x2C, 0x26, 0xF1, 0x06, 0xB5, 0x9C, 0xEF, 0x1A, 0x30, 0x47, 0x6D, 0x51, 0x51, 0xFF, 0x78, 0xA1, 0x75, 0x94, 0x6A,
0x0C, 0x72, 0x37, 0xCF, 0x66, 0x69, 0x97, 0x76, 0x67, 0x99, 0x71, 0x75, 0xB1, 0xA2, 0xD3, 0x49, 0x14, 0xB8, 0xF4, 0x7B, 0xFB,
0x03, 0x8F, 0x6A, 0x61, 0x8A, 0x30, 0x90, 0x02, 0x1E, 0xAF, 0xEC, 0x90, 0x9B, 0x9F, 0x18, 0x98, 0x0B, 0xD2, 0x83, 0xDF, 0xB4,
0xE8, 0xC5, 0x07, 0x6B, 0x67, 0xDF, 0xBE, 0x37, 0xBA, 0x29, 0x3F, 0x5E, 0x28, 0x46, 0x78, 0x63, 0x29, 0xB0, 0x80, 0xB8, 0x30,
0x34, 0x90, 0xDD, 0x7A, 0x72, 0x3B, 0x9E, 0x3C, 0xFD, 0xFD, 0x28, 0x4E, 0x76, 0xB8, 0x94, 0xD2, 0xCB, 0x1C, 0xE5, 0xC9, 0xE2,
0x25, 0xA6, 0xBD, 0xEA, 0x1F, 0xD1, 0x98, 0xAC, 0x7E, 0x25, 0x21, 0xC2, 0xFB, 0xD6, 0x03, 0x7A, 0x1B, 0xE5, 0x10, 0xBD, 0xB0,
0xBA, 0x7E, 0x94, 0x7E, 0x3B, 0xF7, 0xCE, 0x5E, 0xD1, 0x85, 0x2D, 0x1B, 0x6E, 0x0C, 0xBE, 0x9D, 0x80, 0xCA, 0x9B, 0x61, 0xEE,
0xAE, 0xE1, 0x63, 0x64, 0xCC, 0x6F, 0xB9, 0xF2, 0xFC, 0x03, 0x0C, 0x9B, 0xBF, 0x01, 0x36, 0xFE, 0xE7, 0xC7, 0xE0, 0x9C, 0x52,
0x7B, 0xB9, 0x05, 0xA1, 0xF1, 0x89, 0xBF, 0x23, 0x9D, 0xCF, 0x29, 0xFA, 0xBF, 0x70, 0xF2, 0x7E, 0xFD, 0x3D, 0xF9, 0x9A, 0x28,
0xFC, 0x66, 0xBB, 0x1C, 0xAE, 0x34, 0xB8, 0x9B, 0xED, 0xD6, 0xDB, 0xAA, 0x5C, 0x72, 0xEF, 0x5B, 0x1D, 0x97, 0xFF, 0x2E, 0xF7,
0x96, 0x1D, 0x09, 0x62, 0x69, 0x4E, 0x2E, 0xC2, 0x05, 0xA1, 0xC6, 0xF9, 0x22, 0xF0, 0xD0, 0x76, 0x56, 0x92, 0x79, 0x4C, 0x03,
0x8A, 0x5A, 0x62, 0x7A, 0x4A, 0x72, 0xE1, 0xC9, 0xF0, 0x0C, 0xC6, 0x6B, 0x4B, 0x91, 0x1C, 0x01, 0xE6, 0xD6, 0x20, 0x5B, 0x83,
0x32, 0x3E, 0x94, 0xB9, 0x51, 0x2A, 0x13, 0x88, 0x07, 0x4A, 0xCA, 0x94, 0xB1, 0x1D, 0xBC, 0x16, 0x3F, 0xCB, 0x8A, 0x99, 0x3B,
0x20, 0x7C, 0x5D, 0xEA, 0x7C, 0x65, 0x64, 0x6C, 0x38, 0x9D, 0x45, 0x18, 0x20, 0xB7, 0xA2, 0x2D, 0x0E, 0xA5, 0x55, 0x66, 0x47,
0x0A, 0x69, 0xE2, 0x2F, 0x96, 0x1B, 0x49, 0xBD, 0xEC, 0x97, 0x06, 0xDC, 0xED, 0xDC, 0x5E, 0x9C, 0x39, 0x7B, 0x2D, 0x7E, 0x10,
0x66, 0x68, 0x9B, 0x56, 0x14, 0xAB, 0xA1, 0x82, 0x5F, 0x16, 0x9A, 0x0F, 0xAD, 0xD1, 0xCA, 0xBF, 0x1B, 0xB6, 0xE3, 0xF4, 0x7A,
0x51, 0xAD, 0x04, 0xBF, 0x5E, 0x0F, 0xA6, 0x01, 0xD0, 0x75, 0x21, 0x1B, 0x40, 0xFD, 0x51, 0x88, 0xC6, 0x65, 0xE5, 0x1A, 0x50,
0x5D, 0x20, 0x1A, 0xB7, 0xB1, 0x66, 0xEC, 0x8C, 0x48, 0xE1, 0xD4, 0xD5, 0xD5, 0xED, 0xB6, 0x7C, 0x38, 0x65, 0x89, 0x98, 0x51,
0x74, 0x5A, 0xDB, 0x56, 0xB0, 0xA3, 0xA9, 0xA0, 0x55, 0x7B, 0x51, 0x2A, 0x69, 0x55, 0x28, 0xFA, 0x06, 0x5D, 0x07, 0x55, 0x7B,
0x60, 0x60, 0x81, 0x87, 0x9B, 0x90, 0x4E, 0xFD, 0xAE, 0xC3, 0x5A, 0xAF, 0x54, 0xAF, 0x3B, 0x4D, 0xF4, 0x69, 0x0E, 0x83, 0x4B,
0x43, 0x3C, 0x1B, 0xB5, 0x08, 0x72, 0x0B, 0xE1, 0x5B, 0x66, 0x65, 0x92, 0xC0, 0x76, 0x03, 0x26, 0x85, 0xA9, 0x43, 0xB6, 0x3A,
0x19, 0x3F, 0x45, 0x17, 0x4D, 0x34, 0x83, 0x3B, 0x8A, 0x96, 0x69, 0x01, 0x96, 0x3B, 0x3A, 0x25, 0x4B, 0x18, 0x8F, 0x2C, 0xC1,
0x9F, 0xC2, 0xE0, 0x1E, 0x63, 0x07, 0xBA, 0x64, 0x7B, 0x30, 0x30, 0x5B, 0x50, 0xA5, 0x63, 0xF3, 0xDE, 0x6B, 0xF5, 0x2A, 0x47,
0xB0, 0x12, 0x7E, 0xFD, 0x28, 0x54, 0x01, 0xB9, 0x6A, 0x30, 0xDA, 0x39, 0x56, 0x65, 0x63, 0xF6, 0x83, 0xB2, 0x1A, 0xEC, 0x83,
0xE8, 0xB8, 0xCC, 0xC4, 0x62, 0xB5, 0x06, 0x73, 0x6B, 0x87, 0x5E, 0x8F, 0x98, 0x52, 0x98, 0xAD, 0x42, 0x8A, 0x9A, 0x09, 0xC0,
0xD2, 0x10, 0xBB, 0x94, 0x0D, 0x9B, 0x0A, 0x54, 0xAD, 0xBC, 0xE4, 0xB9, 0x22, 0xFF, 0x08, 0x6E, 0xA2, 0x5D, 0x96, 0x84, 0x4F,
0x3B, 0xF1, 0xA1, 0xAE, 0x0E, 0xB6, 0x0A, 0xA0, 0x74, 0xD2, 0x9C, 0x25, 0x16, 0x23, 0xA6, 0x3D, 0xB5, 0x80, 0xC5, 0x96, 0xA9,
0x00, 0x2E, 0xAA, 0xA8, 0xC6, 0x41, 0x6D, 0xC8, 0x1A, 0x60, 0x9B, 0x39, 0xD1, 0xD4, 0x0C, 0xED, 0x71, 0x26, 0x96, 0x61, 0xC9,
0x9D, 0xAB, 0x1F, 0x8B, 0x6A, 0x52, 0x91, 0x65, 0xFA, 0xCA, 0x2E, 0x37, 0x98, 0xAA, 0x6A, 0xCC, 0x68, 0xD3, 0x64, 0x69, 0x52,
0x4A, 0x44, 0x50, 0xD7, 0x14, 0x53, 0x6E, 0x69, 0x31, 0x11, 0xAE, 0x92, 0x19, 0xB0, 0x8A, 0x54, 0x01, 0xB5, 0x9D, 0xE6, 0x7D,
0x66, 0x08, 0xC3, 0xCB, 0xDA, 0xB1, 0xC6, 0xEB, 0x2C, 0x38, 0x08, 0xA7, 0xEC, 0x7A, 0xE0, 0x2E, 0x7A, 0x52, 0x1E, 0x62, 0x2C,
0x60, 0xA0, 0xE6, 0x1F, 0xE8, 0xEC, 0x5E, 0x74, 0xB4, 0x26, 0xCB, 0x14, 0x0C, 0x75, 0x6D, 0x32, 0x6E, 0x39, 0x28, 0xCA, 0x1E,
0xD2, 0x0F, 0xA6, 0x98, 0x2A, 0x53, 0x14, 0xD8, 0xA0, 0x45, 0x21, 0xED, 0x9C, 0x64, 0xDD, 0xAA, 0x10, 0x19, 0x7A, 0xF2, 0x81,
0x95, 0xC0, 0x7E, 0x2A, 0x2A, 0xD8, 0xFB, 0xA4, 0x04, 0xF7, 0x37, 0xEB, 0x1A, 0xAF, 0x62, 0xC0, 0xB3, 0xD8, 0x60, 0xCD, 0xF0,
0x5B, 0x86, 0xB8, 0x56, 0xB7, 0xCA, 0xD4, 0x6B, 0x83, 0xDA, 0x54, 0xDC, 0x16, 0x67, 0xE6, 0x06, 0x10, 0x91, 0x16, 0x60, 0x3D,
0xEA, 0xC9, 0xBD, 0xF3, 0xFD, 0x53, 0xEF, 0x23, 0x7E, 0x94, 0xA8, 0xA6, 0x4C, 0x31, 0xD0, 0xD9, 0x2D, 0x0B, 0x6B, 0xB7, 0xA2,
0x57, 0xD6, 0xB8, 0xB0, 0xF6, 0xED, 0xE7, 0xE6, 0x1D, 0x93, 0xAF, 0x5F, 0x34, 0x5A, 0xF9, 0x99, 0x76, 0x8A, 0x2A, 0x26, 0x96,
0x2F, 0x00, 0xA3, 0xE2, 0xDC, 0x97, 0xC9, 0x2D, 0xFB, 0x71, 0x2F, 0x88, 0x31, 0xB3, 0xD3, 0x45, 0xF5, 0x95, 0x93, 0x72, 0xFC,
0xB3, 0x6D, 0xC4, 0xF4, 0x68, 0x74, 0xCD, 0x31, 0x8B, 0x2B, 0x6B, 0xF5, 0x51, 0xB3, 0xDC, 0x06, 0xF6, 0x71, 0xF3, 0x6F, 0xE6,
0xC8, 0xCB, 0xB3, 0x59, 0x7D, 0xEC, 0xE6, 0x91, 0x6C, 0x0D, 0x06, 0x2A, 0xC6, 0xA1, 0xE1, 0x40, 0x1C, 0x43, 0x5B, 0xC4, 0x9A,
0x48, 0x74, 0xD0, 0x04, 0x19, 0x34, 0x44, 0xDD, 0x52, 0x95, 0x0D, 0xE3, 0x06, 0x8E, 0x03, 0x46, 0x5A, 0x0C, 0xA4, 0x2C, 0x01,
0x03, 0x59, 0x78, 0x69, 0x16, 0x3C, 0x89, 0xF3, 0x6A, 0x00, 0x1D, 0x8A, 0x83, 0xE8, 0xFC, 0x40, 0x64, 0xC8, 0xA2, 0xA1, 0xEE,
0x95, 0x62, 0xBD, 0x70, 0xF4, 0xAE, 0xE1, 0x71, 0x7D, 0xC1, 0x27, 0x3C, 0xCA, 0x9E, 0xAF, 0x1C, 0x63, 0x36, 0x51, 0xC6, 0x89,
0x8E, 0xD6, 0x54, 0xE1, 0xD8, 0xCE, 0xCB, 0x1B, 0xC7, 0xD7, 0x35, 0xCB, 0x9E, 0x06, 0xE1, 0xB3, 0xF7, 0xB5, 0x44, 0x4B, 0xB3,
0xCE, 0xB2, 0x9F, 0xE8, 0xA2, 0x89, 0x61, 0xEE, 0x34, 0x9B, 0xE4, 0x93, 0x18, 0x76, 0xAF, 0xF1, 0x38, 0x30, 0x04, 0xA1, 0xE1,
0x8F, 0x6F, 0x19, 0x0D, 0x4A, 0xEB, 0x96, 0xD8, 0x9F, 0xB5, 0x6D, 0x23, 0xAA, 0x74, 0xD5, 0xC7, 0xC8, 0xB5, 0xED, 0x8E, 0xE9,
0xAF, 0x77, 0xE5, 0x4D, 0xDB, 0xF5, 0x6F, 0xDB, 0x88, 0xE5, 0xC8, 0x8D, 0x39, 0x3B, 0xE8, 0x48, 0xB4, 0x9C, 0x16, 0x1A, 0x65,
0xB8, 0x73, 0xE7, 0x28, 0x49, 0xF2, 0x2C, 0x4F, 0xBD, 0x85, 0x4B, 0xBF, 0xB6, 0x2B, 0x43, 0x71, 0xB4, 0xE4, 0xC1, 0xAD, 0x8E,
0x7A, 0x56, 0xA8, 0x9C, 0x14, 0x1A, 0x8D, 0xB9, 0x54, 0xA2, 0x75, 0x6A, 0xC9, 0xA1, 0xB2, 0x65, 0x35, 0xDF, 0xA9, 0x35, 0xBD,
0x85, 0xA0, 0x00, 0x6D, 0xEE, 0x45, 0xDE, 0x04, 0x1A, 0x4D, 0xDA, 0x30, 0x86, 0xCD, 0x6A, 0x4D, 0x66, 0x31, 0x3D, 0xEB, 0xC4,
0xB1, 0x59, 0xC1, 0x20, 0x5E, 0x8E, 0xF2, 0x94, 0x85, 0x0A, 0x61, 0xB7, 0x2E, 0x76, 0x6E, 0x7E, 0x62, 0xB0, 0x69, 0xA8, 0x9F,
0xE6, 0x8D, 0x81, 0x83, 0x9E, 0x42, 0x61, 0x68, 0xEB, 0x90, 0xFB, 0x2F, 0x73, 0x0F, 0x24, 0x8A, 0x8F, 0x69, 0x5B, 0x09, 0xB8,
0x83, 0x17, 0x2E, 0xCD, 0x1B, 0x3C, 0x14, 0xED, 0x48, 0x10, 0xFB, 0x7D, 0x42, 0x17, 0x08, 0x24, 0x18, 0x0F, 0xE3, 0x72, 0xD0,
0x69, 0xA8, 0x48, 0x30, 0xCC, 0x6E, 0xF4, 0xA5, 0x95, 0xB9, 0x5F, 0x35, 0xBC, 0x42, 0xC7, 0x6A, 0xB5, 0x43, 0xF4, 0x1D, 0xEC,
0x1B, 0x9F, 0x60, 0xD2, 0x57, 0xD9, 0xDB, 0xB2, 0x64, 0x2A, 0x74, 0x31, 0xA3, 0x9F, 0x55, 0x87, 0x4F, 0xD6, 0xAF, 0x61, 0xD1,
0x33, 0xDD, 0x5F, 0x47, 0x85, 0x8C, 0x27, 0xEA, 0xBD, 0x0D, 0x85, 0x88, 0xA1, 0xFF, 0xAF, 0x02, 0x7A, 0x87, 0x08, 0xBF, 0x82,
0x98, 0x95, 0xE7, 0x03, 0xA1, 0x57, 0x7E, 0x88, 0xBB, 0xCD, 0x19, 0x2A, 0x78, 0xBC, 0x95, 0x65, 0xB3, 0x53, 0x74, 0xF6, 0xAD,
0xD2, 0xEA, 0x7B, 0xF4, 0x46, 0xA7, 0x55, 0x6B, 0x76, 0x32, 0xD0, 0x8D, 0x17, 0x98, 0x48, 0x00, 0x53, 0x2D, 0x80, 0xBC, 0xF1,
0x7D, 0x18, 0x1E, 0x88, 0x1D, 0xE2, 0xD1, 0x96, 0x69, 0x67, 0xEA, 0x5A, 0x74, 0x17, 0xCB, 0x6C, 0xD6, 0x66, 0xAD, 0x74, 0x6C,
0x6E, 0x2C, 0x00, 0xFF, 0x99, 0x17, 0xD2, 0x2C, 0x34, 0x64, 0x3C, 0x4B, 0x93, 0x38, 0x89, 0x92, 0x69, 0x08, 0xBB, 0x7D, 0x92,
0xA4, 0x7E, 0x90, 0x1A, 0x5B, 0xC8, 0x12, 0x72, 0x96, 0x80, 0xF8, 0x68, 0x7B, 0x5D, 0xC2, 0x6C, 0x40, 0x1E, 0x45, 0xB9, 0x8B,
0x89, 0x5E, 0x61, 0x21, 0x00, 0xAE, 0xF5, 0xD2, 0xA0, 0x3D, 0xA2, 0x2F, 0x3B, 0x32, 0xF2, 0x4D, 0x4E, 0x9D, 0x85, 0x7E, 0x20,
0x11, 0x16, 0x73, 0xEB, 0x42, 0x4E, 0xCB, 0x54, 0x4B, 0xAE, 0xBA, 0x64, 0x5A, 0x85, 0xBB, 0x88, 0xB7, 0x6A, 0x24, 0xE0, 0xEB,
0x56, 0xAB, 0x35, 0xE4, 0xBB, 0x16, 0xE3, 0xF5, 0xEF, 0x20, 0xDE, 0xAD, 0x68, 0xB4, 0x19, 0x84, 0x6C, 0xE5, 0xD6, 0x15, 0xF3,
0xD6, 0x54, 0xCF, 0xB5, 0xC2, 0xDE, 0xDA, 0xEC, 0x35, 0x09, 0xFC, 0x32, 0x15, 0x52, 0x73, 0xA1, 0xAF, 0x47, 0x99, 0xAE, 0x17,
0x5F, 0xAA, 0xC9, 0xED, 0xCB, 0xC8, 0xE2, 0x42, 0x1A, 0x4B, 0x3D, 0x28, 0x14, 0x51, 0xF1, 0x0E, 0xB4, 0x4C, 0x60, 0x76, 0x7A,
0x2B, 0x00, 0xCD, 0xBC, 0x53, 0xC8, 0x2B, 0x8B, 0xFC, 0x28, 0x68, 0xDA, 0x2A, 0x3E, 0xAA, 0x66, 0x40, 0x63, 0xE4, 0x2A, 0x56,
0x6E, 0xC2, 0xCC, 0x05, 0xFE, 0x4C, 0x75, 0xFD, 0xE1, 0x8B, 0x67, 0xDC, 0xB5, 0xFA, 0x69, 0xE2, 0xF9, 0x81, 0xEF, 0x54, 0xB0,
0xA9, 0xE4, 0x84, 0x6A, 0x09, 0x15, 0x94, 0xBE, 0xEE, 0x2F, 0xC2, 0x1F, 0x83, 0xF3, 0x8A, 0x8F, 0x06, 0xAE, 0xA5, 0x6F, 0x22,
0xE3, 0xA9, 0xFD, 0xAB, 0x9C, 0x13, 0xB5, 0xA2, 0x61, 0x6B, 0x64, 0xD5, 0xDB, 0x56, 0x9F, 0xDB, 0x73, 0x80, 0xD2, 0x5A, 0xFD,
0xC2, 0xE4, 0xD0, 0x7A, 0x5F, 0x78, 0xB5, 0x67, 0xE9, 0xD8, 0x4A, 0x80, 0x68, 0xA7, 0x60, 0xDC, 0xF7, 0x64, 0xEE, 0x4D, 0xD5,
0xB9, 0x80, 0x6F, 0x2E, 0xAD, 0x87, 0x96, 0x0C, 0x9B, 0x23, 0x39, 0xEB, 0x18, 0x55, 0xA7, 0x5F, 0x2F, 0xA6, 0x29, 0xA0, 0xF6,
0x79, 0x92, 0x63, 0xCC, 0x91, 0xD5, 0xF2, 0xE9, 0x50, 0x6F, 0xB6, 0xB7, 0xF4, 0x5A, 0x0A, 0x1A, 0x96, 0x82, 0x76, 0xF7, 0xF7,
0x4E, 0xC7, 0x4D, 0x62, 0x69, 0x47, 0x65, 0xB5, 0xB8, 0x96, 0x42, 0x50, 0x50, 0x80, 0x4C, 0xAE, 0xA8, 0x1E, 0x88, 0x8D, 0x52,
0x73, 0xE1, 0x0F, 0x94, 0x4D, 0x43, 0xC2, 0xE6, 0x5E, 0x1C, 0xD2, 0xA0, 0x61, 0x6A, 0x95, 0xE6, 0xAD, 0x67, 0xA4, 0xFD, 0xCC,
0xFB, 0x18, 0x90, 0x69, 0x94, 0x8C, 0xBC, 0x28, 0x3A, 0x27, 0x1E, 0xB5, 0xCE, 0x87, 0xE8, 0x0E, 0x8B, 0x1A, 0x49, 0x18, 0x63,
0x94, 0x23, 0x3F, 0x29, 0x49, 0x33, 0x7E, 0x40, 0x75, 0x0A, 0x8A, 0x45, 0x72, 0xEA, 0xA6, 0xC1, 0x3C, 0x39, 0x09, 0x10, 0xF8,
0x13, 0xAA, 0x5F, 0x10, 0x1A, 0x02, 0xF5, 0x9C, 0xC6, 0x6C, 0xD1, 0x5C, 0xF4, 0xBA, 0x2C, 0x10, 0xC3, 0x7B, 0x2B, 0xCA, 0xBD,
0x77, 0xB3, 0x05, 0x0D, 0xDE, 0xA2, 0xC5, 0xBB, 0x64, 0xE3, 0x2A, 0x2C, 0x52, 0x8C, 0x98, 0x77, 0x0F, 0x3B, 0x27, 0x64, 0x96,
0xE8, 0x20, 0x6F, 0xC7, 0x0F, 0x53, 0xDB, 0xC2, 0x45, 0xBF, 0x92, 0xEF, 0xF0, 0x33, 0xB9, 0xCF, 0x32, 0x6A, 0xC8, 0xAF, 0xF6,
0x86, 0x95, 0xE1, 0xCB, 0x96, 0x55, 0x8D, 0xD3, 0x1D, 0x6B, 0xD8, 0xAC, 0xA7, 0x0F, 0xFC, 0xED, 0xE0, 0xFD, 0x6E, 0x9D, 0xB8,
0x91, 0xCB, 0xB3, 0xFE, 0x74, 0x31, 0x7D, 0xB4, 0x69, 0xDE, 0x33, 0x91, 0x56, 0x62, 0xC6, 0x16, 0x9F, 0x29, 0xD8, 0xF8, 0xB2,
0x3E, 0xEC, 0x5C, 0xBE, 0x36, 0x08, 0xCA, 0xCC, 0x41, 0x89, 0x3A, 0xA5, 0x3C, 0x48, 0x57, 0x5B, 0x39, 0xAC, 0x8A, 0x79, 0x49,
0x48, 0xA0, 0xD8, 0x15, 0xBA, 0x18, 0xC7, 0x86, 0xF9, 0xC9, 0x50, 0x6D, 0x75, 0xAC, 0xA7, 0xE5, 0x72, 0xA2, 0xE6, 0x06, 0x71,
0x9B, 0x3E, 0xA8, 0x3A, 0x79, 0xF0, 0x34, 0x98, 0x7A, 0xE3, 0x73, 0x51, 0x4D, 0x29, 0x80, 0x3E, 0x54, 0x96, 0x0F, 0x0D, 0x03,
0xC5, 0x3E, 0xD0, 0x81, 0x51, 0x20, 0xA8, 0x10, 0xB3, 0xF1, 0xEC, 0x30, 0x4F, 0x0F, 0x11, 0x1D, 0x76, 0xF1, 0xA1, 0x2A, 0x3E,
0xAC, 0x36, 0x8C, 0xB6, 0x94, 0x97, 0x97, 0x9D, 0x28, 0x91, 0x3A, 0x7B, 0xC5, 0x2C, 0x55, 0x10, 0x32, 0xBF, 0xEE, 0xE1, 0xF8,
0x7C, 0x11, 0x30, 0x8F, 0x58, 0x56, 0x83, 0x5D, 0xF0, 0x90, 0xE1, 0x62, 0xDE, 0x76, 0xF8, 0xE2, 0xD3, 0xC3, 0x42, 0x8E, 0xDE,
0x8A, 0x02, 0x80, 0x5A, 0x4C, 0xB4, 0x50, 0x48, 0xC7, 0x9A, 0x26, 0x02, 0xBF, 0x3C, 0x89, 0x27, 0x49, 0x83, 0xC9, 0x95, 0xC8,
0x42, 0x4B, 0x13, 0x0E, 0x95, 0x05, 0x9C, 0xE2, 0x13, 0x72, 0xB7, 0x62, 0x5B, 0x91, 0x8D, 0xCF, 0x34, 0xE3, 0xAE, 0x12, 0x70,
0xD2, 0x32, 0x2E, 0x75, 0x92, 0x32, 0xDF, 0xAD, 0xCE, 0x79, 0x67, 0xDE, 0xEB, 0x54, 0x26, 0x05, 0x57, 0x1C, 0xAA, 0xF4, 0x9E,
0x7F, 0x07, 0x2D, 0xF7, 0xBD, 0xBD, 0xD6, 0x5A, 0xE1, 0x8B, 0xAA, 0x3B, 0x92, 0x23, 0x9A, 0xE2, 0x6C, 0xC6, 0x5C, 0x9C, 0x1C,
0xEA, 0xCD, 0xB4, 0x1E, 0x11, 0xAA, 0x0B, 0xF7, 0xA5, 0x09, 0xF1, 0xD4, 0x2E, 0x2D, 0x6A, 0x62, 0x41, 0x65, 0x76, 0x97, 0x3B,
0xD1, 0x80, 0x2A, 0xD6, 0xC6, 0x16, 0xC2, 0x27, 0xEB, 0xA0, 0x4C, 0x76, 0xC0, 0x37, 0x53, 0xD0, 0xCB, 0xD2, 0x5F, 0xEF, 0x3E,
0x10, 0x1A, 0x79, 0xF0, 0xA0, 0x24, 0xC3, 0xFA, 0x40, 0x7A, 0xA1, 0x8C, 0x5D, 0x3A, 0x88, 0x7E, 0x11, 0xE2, 0x35, 0x9C, 0x26,
0xF2, 0xCB, 0x68, 0xC9, 0x06, 0xF8, 0xD4, 0x5C, 0xFF, 0x84, 0x5F, 0x1E, 0x7F, 0xD2, 0x99, 0xAA, 0x61, 0x5A, 0x2C, 0x25, 0xDF,
0xAE, 0x2E, 0x9E, 0x28, 0xFC, 0x38, 0xA5, 0x97, 0x04, 0x60, 0x03, 0xF2, 0xB3, 0xD8, 0x5A, 0xDE, 0x18, 0x92, 0xAD, 0xDB, 0x55,
0x54, 0x63, 0xDC, 0x56, 0x60, 0x3B, 0x12, 0xB5, 0xF9, 0xD0, 0x5D, 0x21, 0x4F, 0x96, 0x16, 0x11, 0x39, 0x58, 0x9D, 0xE1, 0xCA,
0x79, 0xE8, 0xA5, 0x20, 0x77, 0x40, 0x5B, 0xCB, 0x03, 0xD2, 0x66, 0x6B, 0x54, 0xC7, 0xB9, 0x42, 0xD2, 0x29, 0x19, 0x7D, 0xA0,
0x85, 0x3E, 0x0C, 0xC4, 0x0C, 0xA9, 0x6F, 0x04, 0x0A, 0xEF, 0x93, 0xAD, 0xCD, 0x5A, 0x0C, 0xCA, 0xF7, 0x39, 0xFC, 0xFE, 0x18,
0xDC, 0x68, 0x80, 0x41, 0xDB, 0x45, 0x91, 0xD7, 0x87, 0xC0, 0xA3, 0x93, 0xB1, 0x86, 0x40, 0xF6, 0x66, 0x1D, 0x04, 0xCA, 0x17,
0x5E, 0x54, 0x1F, 0xCC, 0x37, 0x10, 0x56, 0x20, 0x3E, 0x62, 0x5C, 0x71, 0x97, 0x91, 0x4F, 0x23, 0xD5, 0x68, 0x58, 0x3A, 0x70,
0x38, 0xBD, 0x69, 0x57, 0x56, 0x96, 0x56, 0xC8, 0x75, 0xDB, 0xAE, 0xA6, 0x6C, 0x4F, 0x39, 0xCE, 0x31, 0x16, 0xD5, 0x61, 0xAD,
0xE0, 0x33, 0x54, 0x89, 0x75, 0xA4, 0x55, 0x99, 0x6E, 0xB6, 0xF9, 0x2A, 0xB1, 0x96, 0x18, 0x2B, 0x82, 0xD5, 0x69, 0x2E, 0xDA,
0x63, 0x6F, 0x2A, 0x04, 0x59, 0xEE, 0x4D, 0xFF, 0xA9, 0x65, 0x43, 0x51, 0xCB, 0xBE, 0x0A, 0xA2, 0xE7, 0x34, 0x50, 0x70, 0xC8,
0x73, 0x0C, 0x33, 0x83, 0x7B, 0x94, 0x4C, 0xA9, 0x27, 0xB3, 0x8B, 0xE9, 0x0F, 0xF4, 0x54, 0x5E, 0xF5, 0x58, 0x2C, 0xFA, 0x60,
0x1C, 0x24, 0xC1, 0xE6, 0xED, 0xEF, 0x4B, 0x68, 0x79, 0xC9, 0x26, 0x88, 0xEA, 0xCA, 0xAC, 0x34, 0x5E, 0x02, 0x80, 0xF5, 0xBB,
0xD4, 0x40, 0x49, 0xB8, 0x9E, 0x81, 0xA4, 0x10, 0x64, 0x2A, 0x0C, 0x4D, 0x45, 0xBD, 0x3F, 0xDA, 0x7B, 0xC5, 0x0B, 0xD3, 0x61,
0xEC, 0x60, 0xA8, 0xEC, 0xBB, 0xF8, 0xE6, 0x27, 0x75, 0x74, 0x17, 0xEF, 0xE2, 0x77, 0xF1, 0x87, 0x6E, 0xA9, 0x3B, 0x70, 0x1A,
0xF1, 0x9D, 0x9A, 0xE3, 0xA7, 0xDA, 0x85, 0x6E, 0x58, 0xA9, 0xE4, 0xEC, 0x9A, 0x79, 0x1F, 0x30, 0x9A, 0xF7, 0xF1, 0x29, 0xFF,
0x7E, 0x14, 0x04, 0x57, 0x5B, 0xD3, 0xD7, 0x51, 0x74, 0x2C, 0x2D, 0xAF, 0x58, 0x70, 0xD7, 0x49, 0x12, 0x52, 0x89, 0xA1, 0x2E,
0x4D, 0x1C, 0x62, 0xE4, 0x0D, 0xA1, 0x69, 0x43, 0xCC, 0xAC, 0x21, 0x9F, 0x3F, 0x69, 0x88, 0x4D, 0x49, 0x6B, 0x9C, 0x28, 0x84,
0x07, 0x00, 0xF0, 0xDC, 0x20, 0x34, 0x1F, 0x88, 0x68, 0xEE, 0x3A, 0x93, 0x80, 0x50, 0x62, 0xC7, 0x23, 0x7F, 0x34, 0x93, 0xFC,
0x01, 0x59, 0x40, 0x8A, 0xAD, 0x04, 0x95, 0x39, 0xA2, 0xFD, 0xC6, 0xF9, 0x40, 0xAA, 0x28, 0x10, 0x74, 0xA3, 0x83, 0x65, 0x86,
0xC1, 0x1D, 0x78, 0x46, 0xD2, 0xA6, 0x41, 0xF2, 0x97, 0x54, 0xFA, 0x3E, 0x58, 0x2F, 0xEF, 0x85, 0x65, 0xA2, 0x9F, 0x01, 0xF8,
0xAC, 0x7F, 0xF3, 0x13, 0x85, 0xCE, 0x62, 0x10, 0x9A, 0xCF, 0x8A, 0x99, 0x2D, 0x40, 0xDB, 0x49, 0x99, 0x99, 0x02, 0x06, 0xD5,
0xDF, 0xA9, 0x6A, 0x30, 0xB0, 0x4C, 0x96, 0x6D, 0x79, 0xBC, 0xAA, 0xD6, 0x5A, 0x76, 0x99, 0x0A, 0xEB, 0x28, 0x89, 0x99, 0xB8,
0x57, 0xF4, 0x70, 0x81, 0x83, 0xFD, 0x34, 0xF5, 0xCE, 0xDD, 0x30, 0xA3, 0x7F, 0xDB, 0xBC, 0x02, 0xE3, 0xC3, 0x0E, 0x26, 0x9D,
0x53, 0xDE, 0x08, 0x35, 0x00, 0x37, 0xB7, 0x9B, 0x35, 0x18, 0x63, 0xE3, 0x55, 0xAA, 0xAA, 0x87, 0x3F, 0x36, 0xF4, 0xA9, 0xC5,
0x37, 0xDE, 0xAF, 0xD0, 0xBB, 0xAE, 0x86, 0xFF, 0x0B, 0xC3, 0xD1, 0x5B, 0x4B, 0xCF, 0x20, 0x73, 0x4C, 0x52, 0xBB, 0x99, 0x62,
0x07, 0x22, 0x94, 0x18, 0xF1, 0x44, 0x84, 0xC6, 0xCD, 0x03, 0xE5, 0xD1, 0xF1, 0xF0, 0xFD, 0x94, 0x6A, 0x77, 0x59, 0x45, 0x5B,
0xF5, 0x23, 0xAB, 0x1F, 0x97, 0x95, 0xAA, 0x2E, 0x9A, 0xA4, 0x7B, 0x28, 0x7D, 0xD8, 0xCC, 0x38, 0xCE, 0x65, 0xC6, 0x52, 0x2D,
0x58, 0x92, 0x81, 0xD8, 0x43, 0x2F, 0x45, 0x40, 0x19, 0x3D, 0x6A, 0x2D, 0x68, 0x57, 0xE3, 0x7A, 0x01, 0x55, 0x75, 0x5D, 0xE7,
0x95, 0x3A, 0x55, 0x81, 0xCD, 0xD4, 0x7D, 0x55, 0x54, 0xDD, 0xAD, 0x2A, 0x63, 0x0B, 0x7C, 0xBE, 0x44, 0xC6, 0x0D, 0x63, 0xAA,
0x8C, 0xBC, 0x1B, 0xC4, 0x92, 0xCB, 0x4C, 0xF4, 0xAE, 0x6B, 0xD4, 0xEF, 0xEA, 0x93, 0xDB, 0xD5, 0xE7, 0x53, 0x31, 0xD0, 0x55,
0xE5, 0xF4, 0xA8, 0xCD, 0xEA, 0x61, 0x63, 0x17, 0x09, 0x92, 0xE1, 0x96, 0xBB, 0x1A, 0x2D, 0x4E, 0x3D, 0x9A, 0x75, 0x11, 0x56,
0xDB, 0x37, 0x63, 0xC9, 0x39, 0x9E, 0x05, 0x04, 0xCA, 0x12, 0x24, 0x8B, 0x32, 0xF7, 0x0F, 0x39, 0x4F, 0x96, 0x84, 0x5F, 0xD1,
0x0A, 0x2F, 0xC4, 0x16, 0x60, 0x84, 0x67, 0xF6, 0x98, 0xA4, 0xDC, 0x69, 0x90, 0x1E, 0xD6, 0xE6, 0xF3, 0x6A, 0xD2, 0x36, 0x43,
0x8D, 0x2F, 0x93, 0xB6, 0xEC, 0x53, 0xCB, 0x3D, 0x8C, 0xB4, 0x8C, 0x3B, 0x34, 0x5B, 0x29, 0xBA, 0x87, 0x14, 0x80, 0x91, 0xD1,
0x19, 0x24, 0x3D, 0x3B, 0xCF, 0x5A, 0x2E, 0xB2, 0x28, 0x72, 0x35, 0x38, 0x55, 0x03, 0x53, 0x11, 0x2C, 0x5D, 0xC4, 0x29, 0x72,
0x02, 0xC9, 0x0E, 0xCC, 0xFA, 0xB4, 0x55, 0x03, 0xD7, 0x6D, 0x0F, 0x46, 0x62, 0x7E, 0x66, 0xB2, 0x31, 0xED, 0x38, 0x86, 0x43,
0x09, 0x46, 0x81, 0xD1, 0xD4, 0xD9, 0xB4, 0x06, 0x4D, 0xE0, 0x0D, 0xA3, 0x6B, 0xD7, 0x9C, 0x59, 0xC0, 0xBE, 0xB3, 0x7A, 0x3F,
0xDE, 0xD1, 0xC5, 0x0B, 0x1A, 0xC7, 0x14, 0xF8, 0x1B, 0x7A, 0x09, 0x94, 0xC5, 0x72, 0x81, 0x4D, 0x59, 0x07, 0x60, 0x78, 0x8A,
0xD3, 0x63, 0x40, 0x0F, 0x76, 0x55, 0x9F, 0xB7, 0x38, 0x65, 0x21, 0xA7, 0x0C, 0x81, 0xF6, 0x12, 0x3C, 0xB2, 0xA1, 0xAE, 0xC8,
0x7E, 0x9E, 0xF3, 0x6F, 0x4A, 0x0E, 0x57, 0xD9, 0x6F, 0x50, 0x09, 0xE8, 0x64, 0xF5, 0x52, 0x7F, 0xDA, 0xA8, 0xE2, 0x86, 0x85,
0xDA, 0x80, 0x30, 0x82, 0xAC, 0xA2, 0x3F, 0x48, 0x8C, 0xF0, 0x83, 0xEF, 0xD1, 0x9F, 0x65, 0x53, 0x51, 0x10, 0x71, 0x8F, 0x08,
0xAD, 0xA8, 0x20, 0x82, 0x2C, 0xEA, 0xC1, 0xBE, 0x48, 0xFD, 0x30, 0x06, 0x69, 0xE0, 0x74, 0x6B, 0x0A, 0x3D, 0xF5, 0xB2, 0x1C,
0x37, 0x1D, 0xD2, 0xE0, 0xDA, 0x55, 0x68, 0xB1, 0x52, 0x84, 0x7C, 0xC0, 0xD0, 0xA9, 0x68, 0xE4, 0x31, 0x6C, 0x35, 0xF8, 0xE4,
0xD4, 0x76, 0x06, 0xCB, 0x35, 0xC7, 0x02, 0x65, 0xDE, 0xE7, 0x09, 0xEF, 0x40, 0x0D, 0x8E, 0x1F, 0x7B, 0xB8, 0xCD, 0x9C, 0x80,
0xB2, 0x36, 0xAB, 0x2E, 0x04, 0x80, 0xC6, 0x69, 0x82, 0x17, 0xC1, 0xAE, 0x6A, 0x9B, 0x9B, 0xB0, 0x57, 0x17, 0x7C, 0x58, 0x9E,
0x31, 0x56, 0x37, 0x2B, 0x27, 0x51, 0xAE, 0xA2, 0xDA, 0x27, 0x31, 0xC5, 0x36, 0xC5, 0x31, 0x14, 0x52, 0x59, 0xF8, 0x46, 0x0D,
0x0B, 0x9B, 0x9F, 0x15, 0x1E, 0x36, 0xF8, 0x2F, 0x9F, 0x44, 0xC8, 0x80, 0xB6, 0xF1, 0xC0, 0x27, 0x99, 0x03, 0x2B, 0x8A, 0x30,
0x36, 0xA9, 0x99, 0xB4, 0x63, 0x7A, 0x61, 0x2E, 0x5B, 0xD8, 0xA5, 0x92, 0x86, 0xB8, 0xC4, 0x6E, 0xC0, 0x9F, 0x8A, 0xE4, 0x6A,
0xAC, 0x0F, 0xB6, 0xEF, 0x39, 0xEB, 0x81, 0xF2, 0x09, 0x15, 0x19, 0x7C, 0xA1, 0x06, 0x14, 0x56, 0x27, 0x54, 0x2D, 0x6C, 0xA9,
0x93, 0x94, 0x6B, 0xEE, 0x55, 0x37, 0x8C, 0x88, 0x5D, 0xCE, 0x33, 0x6F, 0x61, 0x58, 0x17, 0x58, 0xED, 0x8E, 0xEE, 0xD3, 0x93,
0xD2, 0xE8, 0x34, 0x8C, 0x58, 0x74, 0x4F, 0x43, 0x1F, 0xD5, 0x77, 0xD2, 0xBA, 0x77, 0xEF, 0x2F, 0x2D, 0xED, 0xD8, 0xB0, 0x88,
0x4D, 0x2A, 0x3D, 0xA1, 0x6D, 0x35, 0x37, 0x06, 0x03, 0xA8, 0x4A, 0x2E, 0xBA, 0x04, 0x7E, 0x55, 0xDD, 0x04, 0x20, 0xE3, 0xA1,
0x2C, 0xD1, 0x36, 0x84, 0x99, 0x74, 0xE7, 0x33, 0xE6, 0x65, 0x94, 0x8A, 0x52, 0xE1, 0x2E, 0x17, 0x15, 0xD7, 0x2C, 0x6B, 0xE5,
0x50, 0xC4, 0xCB, 0xC5, 0xC4, 0xFA, 0x26, 0x8A, 0x74, 0x2A, 0xD4, 0x20, 0x2D, 0xA2, 0x67, 0x0D, 0x8D, 0xE9, 0xA2, 0xF4, 0x9E,
0x6B, 0x96, 0xC6, 0xBB, 0xDE, 0x19, 0x78, 0xB7, 0x06, 0x9C, 0x2D, 0xDB, 0x78, 0xAD, 0xEB, 0xD9, 0xAE, 0x11, 0xE5, 0x8A, 0x2B,
0x33, 0xBF, 0x96, 0x8F, 0xAE, 0x83, 0x35, 0x69, 0x01, 0x2B, 0xAB, 0x94, 0x78, 0xA9, 0x34, 0x6E, 0x60, 0x39, 0xE4, 0x72, 0xA7,
0x23, 0xF9, 0x64, 0x4B, 0x2B, 0xBF, 0x94, 0x70, 0xB2, 0x0E, 0x04, 0xF2, 0x6A, 0x05, 0x88, 0x8D, 0x86, 0x20, 0x60, 0xF5, 0xAB,
0x80, 0xB0, 0x59, 0x3D, 0x76, 0x11, 0x43, 0x80, 0xDC, 0xF9, 0x98, 0x9E, 0x78, 0xDA, 0xB3, 0x21, 0xBE, 0xF4, 0x72, 0x50, 0xA9,
0x62, 0x9A, 0xD2, 0xE6, 0x9D, 0xFF, 0x69, 0xEB, 0x62, 0xE0, 0x7E, 0xDA, 0xE8, 0x5E, 0x18, 0xB9, 0x6A, 0xB0, 0xEC, 0x4F, 0x1E,
0x6A, 0x3F, 0x37, 0x19, 0xCF, 0x22, 0x60, 0xE6, 0xED, 0xD5, 0xEE, 0xD8, 0x37, 0x4B, 0x58, 0xE5, 0x11, 0x57, 0x78, 0x87, 0x02,
0x40, 0x99, 0x4B, 0x63, 0x60, 0x6F, 0x21, 0x14, 0x85, 0x45, 0x55, 0xE4, 0x85, 0xB2, 0xA3, 0x2C, 0x69, 0x0D, 0x2F, 0x6B, 0x49,
0x3F, 0x6F, 0x44, 0x3A, 0xC9, 0xD9, 0xE7, 0x8B, 0x26, 0x74, 0xB4, 0x19, 0x7B, 0x40, 0xD3, 0x59, 0x8E, 0x3A, 0x08, 0xB5, 0x2A,
0x7C, 0x80, 0x6C, 0xD8, 0xB6, 0x25, 0x32, 0xD4, 0x18, 0x6F, 0x9D, 0x8D, 0xCA, 0xCA, 0x6D, 0x4A, 0x5D, 0x5A, 0x44, 0xCB, 0xCD,
0x02, 0xD5, 0x7E, 0x78, 0xB2, 0xD0, 0xA0, 0x5E, 0xA8, 0xC2, 0x75, 0x4F, 0x3B, 0xE7, 0x9E, 0xD3, 0xEB, 0xD0, 0x4D, 0xB5, 0x59,
0x4B, 0xCE, 0x11, 0x8B, 0x8B, 0xDC, 0x79, 0xD2, 0x3D, 0x33, 0x21, 0x60, 0x85, 0x27, 0xAA, 0xE4, 0x4F, 0x45, 0x19, 0x0E, 0x04,
0x38, 0x7A, 0x31, 0x03, 0x4F, 0xAA, 0x0D, 0x70, 0x0F, 0x94, 0x98, 0xAD, 0x33, 0x36, 0x49, 0xBC, 0x6B, 0xAD, 0x30, 0x4E, 0x33,
0x4B, 0xF9, 0xC3, 0x57, 0x47, 0xF6, 0xE2, 0x91, 0x97, 0x5B, 0x8A, 0xC3, 0x8E, 0x37, 0xCC, 0x97, 0x7E, 0x45, 0x13, 0x91, 0x6A,
0x4A, 0x16, 0x75, 0x60, 0xAA, 0x6B, 0x2A, 0xA9, 0xB1, 0xC9, 0xAA, 0x80, 0x94, 0xBF, 0xD4, 0xD6, 0x3E, 0x54, 0x07, 0x57, 0xBE,
0xB5, 0xD7, 0x32, 0x92, 0xD0, 0x55, 0xB8, 0xE4, 0xDA, 0x6B, 0x4F, 0x44, 0xAD, 0xB7, 0x15, 0x5D, 0x25, 0x0F, 0xC8, 0x07, 0xAE,
0xBC, 0x02, 0x33, 0xA3, 0x73, 0x4D, 0x45, 0xC1, 0x8B, 0x0F, 0x44, 0xB9, 0xFE, 0xBD, 0xEA, 0xBF, 0xAA, 0xEC, 0x79, 0xD0, 0x8E,
0x50, 0xEC, 0x95, 0x56, 0xD4, 0x62, 0xBC, 0x95, 0xF7, 0x22, 0x21, 0xCD, 0x41, 0x92, 0x44, 0x81, 0x17, 0x77, 0xDC, 0x5F, 0x92,
0x30, 0x6E, 0x03, 0xA5, 0x3A, 0x96, 0x4C, 0x2D, 0x35, 0xB4, 0xB9, 0xC1, 0x69, 0x13, 0x85, 0x7D, 0x23, 0xDA, 0x14, 0x4B, 0xFF,
0x6E, 0x5D, 0x69, 0xE9, 0xC9, 0x4D, 0x99, 0xEF, 0x7E, 0xBB, 0x4F, 0xDA, 0xAF, 0x51, 0xE9, 0x9A, 0xA6, 0xF4, 0xE2, 0x32, 0x8E,
0xB5, 0x7F, 0x3D, 0x7C, 0xFA, 0xAA, 0xF8, 0xFD, 0xAE, 0xFD, 0xC3, 0xB7, 0x87, 0x04, 0xE3, 0x81, 0xDF, 0x75, 0x3A, 0x37, 0xFB,
0x61, 0x17, 0xE3, 0xBB, 0xEC, 0x0D, 0x61, 0x37, 0x9E, 0xF8, 0x7A, 0xC7, 0x9E, 0xF8, 0x15, 0xC4, 0x0C, 0x20, 0x43, 0xA3, 0x34,
0x0B, 0x3C, 0xB6, 0xD7, 0xF0, 0xA5, 0xC0, 0x5F, 0x7B, 0x44, 0x70, 0x23, 0x56, 0xA3, 0xCD, 0x48, 0xE9, 0x6A, 0xEB, 0x58, 0x8C,
0x96, 0xAD, 0x82, 0x6B, 0xA1, 0x53, 0x29, 0x24, 0xFC, 0x86, 0x08, 0x09, 0x47, 0x2A, 0xC2, 0x77, 0x0A, 0x05, 0x95, 0x05, 0xD7,
0xA6, 0x51, 0x35, 0x06, 0x1A, 0x80, 0xC3, 0x83, 0x01, 0xBB, 0x28, 0x70, 0x29, 0xE2, 0xA4, 0xE4, 0x07, 0xB2, 0xBF, 0x11, 0xF5,
0xF1, 0xA3, 0x3B, 0x3B, 0x8E, 0xC4, 0x81, 0xA4, 0xBA, 0xDE, 0x34, 0x9A, 0x27, 0x76, 0x00, 0xD8, 0x68, 0x9A, 0xD8, 0x82, 0x57,
0xD9, 0x03, 0x53, 0x0C, 0x15, 0x2F, 0x57, 0xCC, 0xAC, 0x25, 0x17, 0x24, 0x20, 0x5C, 0xEC, 0x6F, 0x15, 0xAC, 0x17, 0x25, 0x38,
0xC6, 0x6B, 0x0F, 0xD3, 0x95, 0xC8, 0x96, 0xAA, 0x0C, 0xEB, 0xDC, 0x85, 0x13, 0x17, 0xCA, 0xDA, 0x28, 0x96, 0x4B, 0xC6, 0x9A,
0x14, 0xD7, 0xBA, 0x06, 0xF9, 0x93, 0x31, 0xC5, 0x27, 0xD7, 0x66, 0x55, 0xAF, 0xD8, 0xE2, 0xAE, 0x39, 0x69, 0xE9, 0x34, 0x73,
0xBF, 0xF4, 0x2D, 0x39, 0x8D, 0x66, 0x01, 0xCD, 0xFB, 0xB2, 0xB1, 0xB5, 0x38, 0xDB, 0x25, 0x7A, 0x2A, 0x98, 0x5D, 0xB4, 0x5E,
0xE7, 0x18, 0x4B, 0xD3, 0x03, 0x6D, 0x67, 0x1A, 0xEF, 0xCC, 0x43, 0xDF, 0x8F, 0x82, 0x5D, 0x67, 0xAF, 0xB5, 0x5B, 0xD3, 0xF8,
0x86, 0xBD, 0x71, 0x33, 0xF5, 0xCC, 0xE7, 0x68, 0x7C, 0xD3, 0xDE, 0x38, 0xCC, 0xFC, 0x67, 0x69, 0x5B, 0xB4, 0xA5, 0x38, 0xFE,
0x55, 0x2B, 0x38, 0xC6, 0xEE, 0x49, 0xE8, 0x39, 0x56, 0xFF, 0x46, 0xFB, 0xCD, 0xDD, 0x9A, 0xBF, 0xA3, 0x1F, 0x9E, 0x90, 0x71,
0xE4, 0x65, 0xD9, 0xD0, 0x41, 0x37, 0x9B, 0xDE, 0x7C, 0x99, 0x83, 0xEA, 0x3B, 0xC9, 0xF2, 0x5E, 0x88, 0x79, 0xD8, 0xC7, 0x64,
0x71, 0xD6, 0xDB, 0x22, 0x8B, 0xF3, 0xDE, 0xA6, 0xB3, 0xF7, 0x3C, 0xA1, 0x9E, 0xC8, 0x19, 0x86, 0x61, 0x31, 0x13, 0x29, 0x06,
0x52, 0x94, 0x9D, 0xBA, 0xDF, 0x07, 0x68, 0xDA, 0x18, 0x2F, 0x11, 0xB7, 0x5A, 0x53, 0x49, 0xD2, 0xCD, 0x35, 0xCB, 0x86, 0xCD,
0x3E, 0xD6, 0x04, 0x4C, 0x4D, 0xE3, 0x4D, 0xF0, 0xD7, 0xB2, 0x1B, 0xDC, 0xA4, 0xF0, 0x3C, 0x1E, 0xB2, 0x40, 0xA3, 0xF3, 0x2A,
0x3C, 0xE6, 0x15, 0x4B, 0x27, 0xCC, 0x47, 0xF5, 0x85, 0x69, 0xF0, 0xB5, 0x65, 0x26, 0x92, 0x83, 0xB7, 0x2E, 0x9D, 0x43, 0x6E,
0x4A, 0x6B, 0xA1, 0xE7, 0x7D, 0x0F, 0x57, 0xFC, 0x45, 0x8F, 0xBA, 0xA6, 0xFB, 0xBD, 0x49, 0x14, 0x9C, 0x11, 0x4A, 0x8C, 0xF4,
0x4D, 0xD6, 0xCB, 0xF0, 0x3E, 0xB2, 0x96, 0x15, 0x94, 0x3C, 0xC0, 0x0F, 0xB6, 0x35, 0x4B, 0x26, 0x1A, 0x04, 0xDC, 0xCB, 0x66,
0x69, 0x18, 0x7F, 0xEC, 0x0D, 0x9C, 0xBD, 0x9B, 0x9F, 0xB8, 0xAC, 0xA1, 0xE3, 0x75, 0xA9, 0xB4, 0xB9, 0x60, 0x74, 0x61, 0x5F,
0xFD, 0x0C, 0x58, 0xD0, 0xED, 0xD3, 0xDE, 0x06, 0x59, 0x04, 0x48, 0x71, 0xF7, 0xB3, 0x85, 0x17, 0x8B, 0xCF, 0xF3, 0xA0, 0xB7,
0x81, 0xAF, 0xF2, 0x14, 0xD4, 0x61, 0x68, 0xA9, 0xB8, 0x56, 0x00, 0x1A, 0xE0, 0x2F, 0xE1, 0x07, 0x54, 0xD8, 0xAB, 0x5E, 0x68,
0x15, 0x80, 0x23, 0xCF, 0x9F, 0x06, 0x64, 0x34, 0xED, 0x65, 0x01, 0xF4, 0xD8, 0xF7, 0xD2, 0x73, 0x47, 0x80, 0x45, 0x51, 0x7A,
0xB1, 0x1A, 0x9A, 0xD4, 0xF9, 0x6C, 0x8E, 0x57, 0x99, 0x97, 0x3C, 0x54, 0x80, 0xE2, 0x2B, 0x0D, 0xFA, 0x4C, 0x3E, 0x17, 0xB7,
0xA1, 0x67, 0x4E, 0x3D, 0x52, 0xD6, 0x41, 0x58, 0x89, 0xFC, 0xAA, 0x8E, 0xDE, 0x1F, 0xD1, 0x9D, 0x6D, 0x31, 0xEC, 0x3C, 0x26,
0xF0, 0xFF, 0x5E, 0x36, 0xA7, 0x7F, 0x7C, 0xF4, 0x6B, 0x4A, 0x1D, 0x92, 0xC4, 0x34, 0xBC, 0x6B, 0xE8, 0xA8, 0x11, 0x1F, 0x65,
0xA0, 0x6D, 0x0A, 0x9B, 0x59, 0x18, 0x13, 0x52, 0xF0, 0x45, 0x07, 0x26, 0x22, 0x2C, 0x00, 0x86, 0x64, 0x14, 0xF6, 0xF2, 0xD4,
0xCB, 0x66, 0xF0, 0xBA, 0x1F, 0xC2, 0xFF, 0x59, 0x8B, 0x6B, 0x0F, 0xCF, 0xFE, 0xE5, 0x83, 0x41, 0xA6, 0xAB, 0x78, 0x54, 0x76,
0xFD, 0x03, 0x88, 0x9A, 0x33, 0x53, 0xA7, 0xCA, 0xD9, 0xA0, 0x36, 0xAE, 0xB1, 0x56, 0xD6, 0x8A, 0xC2, 0x9F, 0x57, 0xD4, 0x16,
0x5D, 0x6A, 0x20, 0x69, 0x1B, 0x64, 0x33, 0xA8, 0xAE, 0x73, 0x25, 0x39, 0x6B, 0x83, 0x52, 0xD3, 0x74, 0x03, 0xD4, 0x55, 0x48,
0xD9, 0x02, 0x1D, 0x4D, 0x85, 0xEC, 0x65, 0x45, 0xEC, 0xB5, 0x09, 0xD8, 0x06, 0xE2, 0xF5, 0xFA, 0x84, 0xEB, 0xEF, 0x2A, 0x5A,
0xED, 0x82, 0x75, 0x91, 0x86, 0x73, 0x59, 0xAC, 0x8A, 0xA0, 0xCB, 0x0B, 0xA2, 0xBD, 0x20, 0xE2, 0x1E, 0xDE, 0x79, 0x18, 0xD3,
0xAB, 0x78, 0xF1, 0x5A, 0xE1, 0xD6, 0x2A, 0x09, 0xFC, 0x79, 0xE4, 0xEF, 0x1A, 0x18, 0x15, 0x73, 0x43, 0x05, 0x29, 0xA5, 0x87,
0xF2, 0x17, 0xCA, 0x57, 0xA0, 0x83, 0xCD, 0x2A, 0xB9, 0x5C, 0x21, 0x95, 0x93, 0x65, 0x8E, 0xFB, 0x66, 0x69, 0x4D, 0x2A, 0x25,
0xB3, 0x1E, 0xEC, 0xD6, 0x16, 0xE2, 0xB8, 0x8B, 0xD1, 0xFB, 0x8E, 0x90, 0xCE, 0xDC, 0x4C, 0x05, 0xD8, 0x14, 0x1C, 0x48, 0x51,
0xDA, 0xBA, 0x30, 0x64, 0xB6, 0x97, 0x22, 0x49, 0x2C, 0x17, 0xCD, 0xC4, 0xF6, 0xB5, 0x76, 0x58, 0xEF, 0x6F, 0xA5, 0xDC, 0xED,
0x31, 0xC2, 0x68, 0x36, 0x14, 0x3F, 0x39, 0x8D, 0xAF, 0x32, 0x98, 0x95, 0x8B, 0xA1, 0xE8, 0xDD, 0xF5, 0xAC, 0x85, 0x55, 0xA4,
0x66, 0x7B, 0xAF, 0xAF, 0x82, 0x2B, 0x04, 0x68, 0xCD, 0x12, 0x78, 0xD1, 0xC0, 0x73, 0xC4, 0x1E, 0x43, 0xA7, 0x1B, 0x04, 0xD0,
0x0D, 0xFD, 0x38, 0x79, 0x45, 0x71, 0x34, 0x7C, 0xEB, 0x78, 0x51, 0x7E, 0x88, 0x7E, 0x20, 0xF8, 0x83, 0x9F, 0x2E, 0xB1, 0x07,
0xD8, 0xE5, 0xF3, 0x1F, 0xE2, 0x0D, 0xBD, 0x0F, 0x97, 0x17, 0x7D, 0x14, 0xFB, 0xFC, 0x97, 0x9A, 0x26, 0x51, 0x79, 0x57, 0x00,
0x56, 0x93, 0x1D, 0x3A, 0xEF, 0xD5, 0xFB, 0x89, 0x8B, 0x7E, 0x91, 0x64, 0xA2, 0x74, 0x0F, 0xFA, 0xCE, 0xC6, 0x64, 0x0F, 0x2B,
0x7C, 0x0B, 0x65, 0xDF, 0xEF, 0x56, 0xA2, 0x43, 0x8D, 0x18, 0x34, 0x2E, 0x84, 0xD7, 0xC3, 0x7F, 0x44, 0x51, 0xF3, 0x30, 0x5E,
0x3A, 0x64, 0xC6, 0x50, 0x64, 0xF1, 0xAC, 0x85, 0xD4, 0x58, 0xCE, 0x98, 0x69, 0x69, 0x3C, 0x81, 0xAE, 0x2F, 0x29, 0x8E, 0x97,
0x69, 0x71, 0x3C, 0x6E, 0x79, 0xF0, 0x40, 0x32, 0x9C, 0x54, 0x1E, 0x2C, 0xB3, 0xE2, 0x78, 0xD8, 0xC4, 0x8A, 0x1B, 0x15, 0x8C,
0x33, 0x66, 0x3D, 0x25, 0x66, 0x55, 0xBF, 0x94, 0xE3, 0xE5, 0x4C, 0x7E, 0xAC, 0xA8, 0x60, 0x9C, 0x2C, 0xEB, 0xF9, 0x30, 0x8B,
0x8A, 0xD6, 0xFC, 0x8E, 0x05, 0x66, 0x8B, 0x87, 0x8A, 0x76, 0x8A, 0xB3, 0xCC, 0x4C, 0xFC, 0xAC, 0x29, 0x58, 0x64, 0x8D, 0xCC,
0xC4, 0xA9, 0x26, 0x16, 0xC6, 0xB3, 0x3F, 0x7B, 0x79, 0x39, 0x83, 0x61, 0x26, 0x1D, 0x6B, 0xD6, 0x35, 0xC1, 0xEE, 0xDA, 0x2A,
0x7E, 0xDB, 0x27, 0x8E, 0x1F, 0x57, 0x96, 0x25, 0x6B, 0xE6, 0xAC, 0xB8, 0x0A, 0x8C, 0xFF, 0xAA, 0x68, 0x5C, 0xBA, 0x0D, 0xAC,
0xF8, 0x5D, 0x5D, 0x54, 0x74, 0x93, 0xFF, 0xB4, 0xF7, 0xB2, 0xBC, 0x16, 0x4C, 0xFC, 0xAC, 0x2C, 0xC7, 0x4D, 0x53, 0xEA, 0x2B,
0xC9, 0xE8, 0xA7, 0x9B, 0xB6, 0xA9, 0xC9, 0xCB, 0x62, 0x13, 0xB4, 0xDE, 0xE9, 0x22, 0xA5, 0xF5, 0xAB, 0x1C, 0x92, 0x14, 0x84,
0x9F, 0x51, 0x9D, 0x0A, 0xFB, 0xDA, 0x66, 0xD8, 0xC5, 0x88, 0xB3, 0x25, 0x08, 0xF9, 0x09, 0xCC, 0xB9, 0x4F, 0xCA, 0xD7, 0x0F,
0x60, 0x4D, 0xDA, 0xC1, 0xDD, 0xC0, 0x8E, 0x62, 0xD7, 0x65, 0xF2, 0x85, 0x95, 0x31, 0x6D, 0x76, 0x46, 0x26, 0x35, 0x4A, 0x1A,
0xA5, 0xB7, 0x0F, 0x36, 0x5B, 0x13, 0x8B, 0x25, 0xDA, 0x54, 0x3C, 0x2C, 0x56, 0xA6, 0x69, 0xBB, 0x7C, 0x96, 0x36, 0x7B, 0x32,
0xE5, 0x75, 0xDD, 0x5D, 0xD4, 0xE9, 0x93, 0x8C, 0x20, 0xDA, 0x5E, 0xCA, 0x3A, 0x1F, 0x1B, 0xA6, 0xC7, 0x81, 0xD5, 0x44, 0x6F,
0x56, 0xB6, 0x98, 0x4C, 0xA5, 0x1C, 0xC4, 0x02, 0xFD, 0xB5, 0xA6, 0xBF, 0xAA, 0xD4, 0xBF, 0x46, 0xE5, 0x0A, 0x23, 0x5B, 0xED,
0xAD, 0x54, 0x0D, 0x0C, 0x66, 0x15, 0x09, 0x76, 0x8D, 0xEA, 0x86, 0x69, 0xC8, 0xC8, 0x60, 0xFB, 0x44, 0x4D, 0x27, 0x47, 0xFD,
0xB4, 0x8F, 0xB9, 0x50, 0xCB, 0xF4, 0xA2, 0x5D, 0x52, 0x9B, 0x26, 0xF6, 0xC2, 0xE8, 0x5E, 0x5D, 0x92, 0xDA, 0x15, 0x36, 0x9C,
0xCA, 0x0B, 0x0E, 0x2B, 0x6C, 0x09, 0x55, 0x37, 0x51, 0xD5, 0x9F, 0xFB, 0xDB, 0x32, 0xAD, 0x96, 0x0C, 0x58, 0xBE, 0x44, 0x06,
0xDC, 0xD6, 0x9D, 0x0C, 0x16, 0x34, 0xA2, 0xB5, 0x5D, 0x0D, 0xA3, 0x4F, 0x36, 0xB7, 0xB7, 0x3B, 0xE4, 0xAF, 0xE8, 0x0B, 0x54,
0xDB, 0x24, 0xAC, 0xCB, 0x11, 0x36, 0xF9, 0xCC, 0xCB, 0x67, 0x2E, 0xB5, 0xC6, 0xB5, 0x01, 0x38, 0x5E, 0xDA, 0xE1, 0xFC, 0xC5,
0xD1, 0xB2, 0x73, 0x55, 0x08, 0xBC, 0xCE, 0xE7, 0x71, 0xE0, 0xAE, 0xF5, 0x56, 0xAE, 0xCE, 0xE4, 0x99, 0xB9, 0xC7, 0x3F, 0x6B,
0x52, 0x35, 0x0B, 0x72, 0xEA, 0xD2, 0x3B, 0x02, 0x10, 0x3C, 0x1D, 0x68, 0xB7, 0xF2, 0x0E, 0x28, 0x3E, 0x26, 0xCD, 0x99, 0x4C,
0xCD, 0x3B, 0xBA, 0xBA, 0x6E, 0x45, 0x3F, 0x95, 0xBC, 0x9B, 0x59, 0x91, 0x6C, 0x73, 0x45, 0x7F, 0x69, 0x1A, 0xCF, 0x6E, 0xCD,
0xFD, 0x4A, 0x75, 0x7D, 0x2E, 0xF3, 0x86, 0x36, 0xA9, 0x6F, 0xED, 0x82, 0xE4, 0x76, 0x0D, 0x60, 0x80, 0xF5, 0xF1, 0x57, 0xC7,
0xDE, 0xDD, 0xD2, 0x65, 0xBA, 0x4B, 0xA4, 0xC4, 0xC5, 0x15, 0xA5, 0x33, 0xD3, 0xFF, 0x9A, 0x83, 0x97, 0x5E, 0x56, 0xD5, 0x85,
0x41, 0x3E, 0x04, 0x0A, 0x62, 0x75, 0xF8, 0x43, 0x45, 0x59, 0x36, 0x02, 0xE1, 0x7F, 0xCB, 0x8A, 0x1F, 0x28, 0x2E, 0x83, 0x3A,
0x64, 0xD3, 0xA3, 0x94, 0xD5, 0xD2, 0xDE, 0xD7, 0xB6, 0x27, 0xE2, 0xEB, 0x68, 0x65, 0x96, 0xFC, 0xBA, 0x51, 0xF9, 0x87, 0xB0,
0x4C, 0x9D, 0x4B, 0x95, 0xE8, 0x73, 0x6D, 0xCD, 0x37, 0x81, 0x87, 0xE9, 0xE8, 0x68, 0x9D, 0x53, 0xF6, 0xBB, 0x66, 0x6C, 0x92,
0xCF, 0xF0, 0x0D, 0xD0, 0x1D, 0x30, 0x41, 0x94, 0x78, 0x85, 0xD2, 0x86, 0x79, 0xF7, 0xD4, 0xD4, 0x2F, 0xBD, 0x89, 0x8B, 0xFA,
0xE2, 0x55, 0xA3, 0xFA, 0x92, 0xA3, 0x31, 0x43, 0xAA, 0x78, 0x51, 0x53, 0x47, 0x75, 0x8C, 0x66, 0xD5, 0xA4, 0x77, 0xD8, 0xAE,
0xEA, 0x39, 0x68, 0x40, 0xD0, 0xDC, 0x4D, 0x19, 0x08, 0xF9, 0x65, 0xD9, 0xF7, 0x6A, 0x20, 0x8A, 0xFB, 0x32, 0x2A, 0x5E, 0xDA,
0xCB, 0xA2, 0x1F, 0x2B, 0x60, 0xF0, 0x71, 0x48, 0x00, 0x94, 0x51, 0xD4, 0x93, 0x89, 0xE2, 0xC3, 0x9C, 0xB9, 0x93, 0xF2, 0xB9,
0xA2, 0x5E, 0xCC, 0x1D, 0x9A, 0x59, 0xAF, 0x33, 0x57, 0x3C, 0x77, 0x2A, 0x45, 0xCE, 0xE3, 0x28, 0x64, 0x1C, 0x3C, 0x81, 0x1F,
0xD5, 0xC5, 0x58, 0x62, 0x67, 0x2C, 0x97, 0xE3, 0xAF, 0x8A, 0x82, 0x91, 0x9E, 0x1D, 0x9A, 0x6E, 0xEA, 0xA4, 0x57, 0xD5, 0x0D,
0x1C, 0x26, 0xF3, 0x79, 0x86, 0x87, 0x8B, 0x5C, 0x9C, 0xE4, 0x1E, 0x3E, 0x54, 0x94, 0x4F, 0xB3, 0xEC, 0x65, 0x1A, 0x26, 0x69,
0x98, 0x33, 0xEE, 0x91, 0x9E, 0x6D, 0x2E, 0xC8, 0x65, 0x82, 0x6B, 0xB3, 0xFB, 0x55, 0x89, 0xAD, 0xA5, 0x92, 0xA6, 0x46, 0x44,
0x03, 0x5A, 0xF0, 0x04, 0x41, 0x12, 0xF1, 0xE5, 0xCB, 0x6C, 0xD7, 0x5E, 0xE3, 0x51, 0xEC, 0xEB, 0xE5, 0xF1, 0xE8, 0xC1, 0x2C,
0x1D, 0x4B, 0xFE, 0xE1, 0x52, 0x0D, 0xF9, 0xB5, 0xBA, 0xA1, 0x91, 0x2F, 0x34, 0x19, 0x07, 0x6F, 0x60, 0xA8, 0x58, 0x52, 0xAA,
0xAA, 0xBC, 0xC7, 0xBA, 0x5B, 0x03, 0x5D, 0xD3, 0x00, 0x1C, 0xBE, 0x4E, 0x23, 0x5A, 0x9A, 0xFF, 0x54, 0xD7, 0xAA, 0xA2, 0xD4,
0xD1, 0xAA, 0x3C, 0x1B, 0xAD, 0x94, 0x39, 0xCB, 0xE3, 0x81, 0x50, 0xAB, 0x63, 0xBD, 0xC7, 0xFC, 0x11, 0x4D, 0x36, 0x8A, 0x39,
0x7E, 0x04, 0x3C, 0xCD, 0xCD, 0xFA, 0x03, 0x2B, 0xF7, 0x96, 0x0E, 0x61, 0xE8, 0xDC, 0xFC, 0xC4, 0xFA, 0x74, 0xE1, 0xBC, 0x97,
0x6E, 0xB2, 0x2A, 0x2B, 0x8B, 0x91, 0x2A, 0xD0, 0x1F, 0x88, 0x31, 0x29, 0xCE, 0x12, 0xF6, 0x98, 0xA4, 0x26, 0x11, 0x43, 0x6D,
0x3E, 0x69, 0x74, 0xCB, 0x21, 0x2F, 0x79, 0xAB, 0xFD, 0x62, 0x5B, 0x9A, 0x09, 0xB8, 0x25, 0xFB, 0xC7, 0x1A, 0x06, 0x62, 0xC4,
0xBC, 0x6A, 0xB1, 0x58, 0x01, 0x57, 0xCA, 0x9A, 0x68, 0x82, 0x15, 0x1F, 0x4D, 0xA8, 0xA6, 0xBD, 0x98, 0x51, 0xA6, 0xDC, 0x0F,
0xE9, 0xC2, 0x67, 0xE3, 0x88, 0x94, 0x9F, 0xA8, 0x94, 0xE0, 0x8D, 0xDB, 0xA1, 0x9B, 0xA6, 0x11, 0x35, 0x0E, 0xBC, 0x64, 0x76,
0x0F, 0xFD, 0x2E, 0xBB, 0x7A, 0xB2, 0x81, 0x1B, 0x74, 0xE8, 0xCB, 0x28, 0xB8, 0x71, 0x43, 0x4E, 0xEE, 0x58, 0x75, 0x0F, 0xBB,
0xF5, 0x36, 0x23, 0x4B, 0xBE, 0xBC, 0x4C, 0x2D, 0xA7, 0x1B, 0xA7, 0x2A, 0xCE, 0xD8, 0x0A, 0x5B, 0xC6, 0x8A, 0xD3, 0x35, 0x5A,
0x6E, 0x9C, 0x66, 0x87, 0x89, 0x1F, 0x34, 0x39, 0x5E, 0xA3, 0xE5, 0x23, 0xDD, 0x9B, 0xB3, 0xEE, 0x84, 0x8D, 0xD5, 0x90, 0x7C,
0x39, 0x65, 0x95, 0x9F, 0x35, 0x8F, 0x87, 0xC8, 0xE1, 0x84, 0x67, 0x01, 0x60, 0x19, 0xB4, 0x9E, 0xBE, 0x78, 0xFE, 0xF0, 0xC5,
0xF3, 0x7F, 0xBE, 0x7E, 0xFE, 0xF0, 0xD1, 0xAB, 0xEF, 0x5F, 0xBD, 0x80, 0xBF, 0x4E, 0xA7, 0xA1, 0x9B, 0x7E, 0x9D, 0x4B, 0xBF,
0xFD, 0x3E, 0x8F, 0x8A, 0x19, 0xAA, 0xBB, 0xDF, 0xCB, 0x32, 0x51, 0x63, 0x6B, 0xF1, 0xCA, 0xF9, 0x32, 0xCE, 0x16, 0x6B, 0xA6,
0x4C, 0x39, 0x4E, 0xB4, 0x4C, 0x59, 0x6D, 0x72, 0xA5, 0x72, 0xD3, 0x9B, 0x89, 0x4B, 0x15, 0x71, 0xC3, 0x9B, 0xF1, 0x0E, 0x16,
0x87, 0x7C, 0xFA, 0x3D, 0x2F, 0x97, 0x0A, 0xC6, 0xAF, 0xBC, 0xC6, 0x11, 0xAF, 0x07, 0x2C, 0x5A, 0xBF, 0x78, 0x20, 0x6E, 0x5C,
0x94, 0x1C, 0xCD, 0x58, 0x9A, 0x25, 0xF5, 0xCE, 0xC0, 0x4B, 0x64, 0xDA, 0xA3, 0x31, 0xD8, 0x0B, 0x6C, 0x87, 0x46, 0x62, 0x3B,
0x6B, 0x67, 0x83, 0xAA, 0xB8, 0x92, 0x46, 0xBA, 0x85, 0xC7, 0xF0, 0x3D, 0x37, 0x5A, 0x60, 0x97, 0x73, 0xBD, 0xB8, 0x44, 0x72,
0x20, 0xA5, 0x6A, 0x79, 0x87, 0x82, 0x72, 0xE8, 0xAA, 0x97, 0xD2, 0x52, 0x05, 0xED, 0x47, 0x11, 0xC1, 0xF3, 0xDA, 0xAC, 0xF2,
0x7A, 0x1D, 0xF9, 0x46, 0x21, 0xD9, 0x62, 0x22, 0x43, 0x35, 0xD3, 0x26, 0xB0, 0x40, 0x7D, 0x04, 0x5C, 0x26, 0x08, 0xC0, 0x27,
0xE9, 0x60, 0xD2, 0x9A, 0xB6, 0x86, 0xDF, 0x34, 0x8F, 0xB2, 0x17, 0xE9, 0xF7, 0x2D, 0xBD, 0x50, 0xCD, 0xE9, 0x3A, 0x7E, 0x24,
0x1B, 0x32, 0x84, 0x1F, 0x3D, 0x3D, 0x4C, 0x63, 0x44, 0x49, 0x4B, 0xBF, 0x57, 0xFA, 0xA1, 0xF5, 0x04, 0x61, 0xD2, 0x5C, 0x48,
0x99, 0x91, 0x5F, 0xC6, 0x52, 0xA6, 0x30, 0x99, 0x33, 0xA3, 0xA5, 0xCD, 0x1F, 0x89, 0x9E, 0x43, 0x48, 0xFD, 0x75, 0xF9, 0x65,
0xA1, 0x19, 0xAB, 0x43, 0x8F, 0x4A, 0x69, 0x34, 0x92, 0x25, 0x31, 0x32, 0xD1, 0xFB, 0x2E, 0x3F, 0xBA, 0x80, 0x0B, 0x10, 0x70,
0x1C, 0x4C, 0x44, 0x5F, 0xC2, 0x7C, 0x80, 0xD8, 0x0B, 0x52, 0xD3, 0xB9, 0xE9, 0x42, 0xBB, 0x1F, 0xD3, 0x48, 0x4C, 0x23, 0x3F,
0x4A, 0x33, 0x21, 0x06, 0x48, 0x53, 0x9B, 0xDA, 0xFD, 0x1D, 0x95, 0x4E, 0x15, 0xA3, 0xC3, 0x0A, 0x2E, 0x2C, 0x63, 0x95, 0x97,
0x95, 0x5E, 0x2E, 0xD1, 0x95, 0x25, 0xD9, 0x15, 0x6F, 0xA9, 0xAA, 0x98, 0x4A, 0xCB, 0xB4, 0x70, 0x6C, 0x7A, 0xE1, 0x36, 0xA3,
0x67, 0x33, 0xFF, 0xD5, 0x8A, 0xCB, 0x46, 0x9B, 0x30, 0x7F, 0xA1, 0xDE, 0x2A, 0xF2, 0xD3, 0x76, 0xA3, 0x54, 0x59, 0x49, 0xBD,
0x4C, 0x4A, 0xE5, 0x2A, 0x5D, 0x0E, 0x5B, 0x6F, 0xDC, 0x5A, 0xFB, 0xCE, 0x2D, 0x9B, 0xC7, 0x8A, 0xFD, 0x7E, 0x2C, 0xB5, 0x7D,
0x15, 0x59, 0xEB, 0x5C, 0x8E, 0x75, 0x89, 0x74, 0x84, 0x5A, 0x06, 0x0D, 0x6A, 0x64, 0xA0, 0x74, 0x6C, 0xA4, 0x23, 0xAC, 0xC1,
0xAA, 0x31, 0xF4, 0xB5, 0x30, 0xB5, 0x42, 0x05, 0xA8, 0xBA, 0x75, 0x72, 0xB5, 0x9E, 0xC6, 0x2E, 0x51, 0xB6, 0x2F, 0xFD, 0x92,
0xC5, 0xAE, 0x66, 0xD1, 0x2F, 0x4C, 0x75, 0xB4, 0x8C, 0xC4, 0x31, 0x16, 0x03, 0x9A, 0x50, 0xCB, 0xEA, 0x4C, 0x67, 0x42, 0x11,
0x5B, 0x61, 0xEB, 0x6B, 0x68, 0xDF, 0x93, 0xF6, 0x36, 0xEB, 0xDE, 0xDC, 0x56, 0xA9, 0x8F, 0x69, 0xEA, 0x0A, 0x1F, 0x77, 0x97,
0xF3, 0x43, 0x33, 0x7D, 0xBA, 0xB8, 0x50, 0x4F, 0xCF, 0xF5, 0x76, 0xA3, 0x6A, 0xA6, 0x54, 0xBD, 0xF2, 0xB2, 0x86, 0x13, 0x93,
0xE1, 0x6A, 0x34, 0xF8, 0xFA, 0x34, 0x2D, 0xB5, 0x6A, 0x68, 0x83, 0xF1, 0xD9, 0x15, 0x51, 0xFB, 0x30, 0x2F, 0x69, 0xE6, 0xA9,
0x19, 0x6D, 0xA5, 0x1A, 0xBC, 0xD6, 0xA0, 0x2D, 0x37, 0x24, 0x36, 0x9E, 0x50, 0xBC, 0xBE, 0x76, 0xC5, 0x9C, 0x36, 0xB3, 0x29,
0x35, 0x9F, 0x53, 0xC6, 0xED, 0xEB, 0x4D, 0x6B, 0x79, 0x11, 0x5D, 0xBB, 0x66, 0x3B, 0xC1, 0x74, 0xFE, 0x1A, 0x1F, 0x83, 0x72,
0x03, 0xB1, 0xBA, 0x50, 0xE5, 0x6C, 0x5C, 0x8D, 0x1E, 0xAA, 0x86, 0xA8, 0x5F, 0xDC, 0x67, 0xFA, 0x90, 0x48, 0x76, 0xA8, 0x21,
0x29, 0x93, 0xC0, 0x9B, 0xE3, 0x90, 0xFD, 0x4B, 0x5C, 0xA5, 0x56, 0xF9, 0xA0, 0xCA, 0x91, 0xF6, 0x87, 0x7E, 0xF9, 0xE9, 0xC1,
0x08, 0x76, 0x1A, 0xE5, 0xA3, 0xBC, 0xC9, 0x50, 0x2C, 0x5E, 0x12, 0x64, 0xAB, 0x89, 0x8B, 0x76, 0x71, 0x95, 0x4D, 0x6B, 0x75,
0xCE, 0x25, 0x76, 0x25, 0xED, 0xFA, 0x0E, 0x35, 0xA8, 0x1F, 0xC7, 0x41, 0xE0, 0xBF, 0x0A, 0xA8, 0xA3, 0x25, 0xF6, 0xB8, 0xAD,
0x9B, 0x79, 0x3A, 0x68, 0x04, 0xAF, 0xB6, 0xC5, 0xB0, 0x18, 0x64, 0xE9, 0xE4, 0xA9, 0x70, 0xC6, 0x59, 0x21, 0xE0, 0xB2, 0x06,
0x91, 0xA0, 0x59, 0xD3, 0xF0, 0xCF, 0xAC, 0x71, 0xCC, 0x67, 0xB6, 0x7E, 0xA0, 0x67, 0xD6, 0x3C, 0xBA, 0x33, 0x5B, 0x3F, 0xA4,
0x33, 0x5B, 0x1D, 0x0F, 0x98, 0xC9, 0x2B, 0x7C, 0xB5, 0x78, 0xC9, 0x9A, 0xC5, 0x0A, 0x66, 0xEB, 0x04, 0x08, 0x66, 0x92, 0x52,
0x50, 0x19, 0x19, 0x98, 0x49, 0x5A, 0x41, 0x65, 0x48, 0x20, 0x77, 0x0B, 0xA9, 0xC8, 0xF8, 0x23, 0xCA, 0x28, 0xAC, 0x68, 0x3A,
0x58, 0xE8, 0x86, 0x63, 0x85, 0xEE, 0xE8, 0xA9, 0xE6, 0x50, 0xBE, 0x6F, 0x50, 0xB6, 0x04, 0xCA, 0x45, 0x8B, 0x43, 0x4F, 0xB5,
0xB8, 0x94, 0x3F, 0x49, 0x87, 0x2B, 0x1D, 0xA1, 0xAA, 0x75, 0x0C, 0x93, 0xA0, 0x52, 0x95, 0x9B, 0xF9, 0xB4, 0x2A, 0xC2, 0x12,
0xA8, 0x17, 0x3D, 0xA0, 0x69, 0x86, 0x8C, 0xFE, 0x33, 0x3B, 0xA0, 0x5E, 0x58, 0xB6, 0x26, 0x19, 0xE0, 0x65, 0xF3, 0x93, 0x5E,
0x51, 0xB1, 0x21, 0x19, 0x35, 0x15, 0xB3, 0x93, 0x5C, 0x95, 0x69, 0xFB, 0xB6, 0xFE, 0x15, 0x76, 0x43, 0xB3, 0x38, 0x35, 0x05,
0xD6, 0xD5, 0x61, 0xB6, 0x43, 0xB9, 0x22, 0xB7, 0x07, 0xDA, 0x2A, 0x09, 0xB3, 0xA1, 0x5C, 0x5C, 0xB1, 0x06, 0x0E, 0x95, 0x74,
0x58, 0x8A, 0xED, 0x50, 0xAF, 0x53, 0x58, 0x00, 0xCD, 0x3A, 0x85, 0xBD, 0x50, 0xC7, 0x9C, 0xB0, 0xFB, 0x99, 0x58, 0x2B, 0x4C,
0x84, 0x7A, 0x15, 0xD9, 0xD6, 0x66, 0xD4, 0x92, 0xAD, 0x73, 0xB6, 0x8A, 0xF6, 0xB9, 0x2D, 0xEC, 0x71, 0x7A, 0x15, 0xCD, 0xD6,
0x6B, 0xD6, 0xD4, 0x8D, 0xC4, 0x32, 0x00, 0xC9, 0x2A, 0x67, 0x9D, 0x2F, 0xC9, 0x88, 0x27, 0x57, 0x13, 0xA6, 0x39, 0xB5, 0x8E,
0x6C, 0xC0, 0x53, 0x1A, 0x89, 0x42, 0x8D, 0xE5, 0x84, 0xED, 0x4E, 0x2E, 0x45, 0x4D, 0x56, 0x46, 0x31, 0x7E, 0x29, 0xAB, 0x2A,
0xF2, 0x25, 0x63, 0x97, 0x5A, 0x41, 0xB3, 0xE1, 0xA9, 0xCC, 0xCF, 0xAC, 0x72, 0x46, 0x0B, 0xA5, 0xF1, 0xCE, 0x60, 0x7F, 0x66,
0x11, 0xB3, 0x8A, 0x24, 0xDD, 0x8C, 0x66, 0xD4, 0x45, 0xEB, 0x58, 0x75, 0xCD, 0xC2, 0x9C, 0xA6, 0x60, 0x55, 0xB6, 0x91, 0xD9,
0xAA, 0x9A, 0xB6, 0x35, 0x05, 0xCD, 0x8A, 0x9D, 0xCC, 0x56, 0xDF, 0x62, 0x61, 0x93, 0x01, 0x14, 0x56, 0xB4, 0xA2, 0x82, 0x64,
0x0C, 0xD3, 0x54, 0x2A, 0xC5, 0x6E, 0xA9, 0xE2, 0x54, 0x36, 0x70, 0xAE, 0xE9, 0x71, 0x97, 0x5D, 0xDE, 0xD5, 0xEE, 0xC4, 0x4B,
0x8B, 0xC3, 0x94, 0xE3, 0xE0, 0x2C, 0xAF, 0xCE, 0x82, 0xE4, 0x7C, 0x23, 0x0D, 0x8B, 0x1F, 0x18, 0xED, 0x70, 0xBB, 0x8B, 0xD3,
0x91, 0x8F, 0x8E, 0xD4, 0xD1, 0x0A, 0x47, 0x4F, 0xA9, 0x91, 0xDD, 0x2A, 0xC7, 0x23, 0x9A, 0x44, 0x48, 0xB9, 0xEC, 0x5C, 0x72,
0x15, 0xAD, 0x89, 0x0D, 0xCF, 0x56, 0x87, 0x84, 0x67, 0xA5, 0x27, 0x69, 0x75, 0x30, 0x78, 0x56, 0xBA, 0x91, 0x56, 0x87, 0x81,
0x67, 0x4D, 0xA3, 0xBF, 0x2F, 0x14, 0x63, 0x8B, 0x71, 0x69, 0x31, 0xCD, 0x3A, 0x58, 0xE1, 0x6C, 0xC4, 0x14, 0xC5, 0xC2, 0x07,
0x8B, 0xFA, 0x3D, 0x0D, 0x57, 0x94, 0xDE, 0x65, 0x1B, 0xA6, 0xC2, 0x25, 0xF4, 0xF8, 0xE7, 0xDD, 0xEA, 0x0E, 0xB0, 0xDB, 0x83,
0x2D, 0x5D, 0x30, 0xB4, 0x55, 0xA9, 0x13, 0x85, 0xAE, 0xBB, 0x5A, 0xC7, 0xD5, 0x3B, 0x23, 0xAA, 0x4A, 0xB4, 0xA1, 0x5B, 0x40,
0x87, 0x97, 0x30, 0xA5, 0x1A, 0xE0, 0x0E, 0x4B, 0x3B, 0xE5, 0xDA, 0x06, 0x54, 0x59, 0x16, 0x49, 0xBD, 0x32, 0x4D, 0xA6, 0x8A,
0xB2, 0x5B, 0xB4, 0x67, 0xD8, 0x4A, 0x2F, 0x95, 0xA0, 0xFE, 0x43, 0x1F, 0x53, 0x9B, 0x66, 0x7C, 0xF3, 0x71, 0xF3, 0x93, 0xBC,
0xE3, 0x78, 0x40, 0x5A, 0x0F, 0xD2, 0x00, 0xAF, 0xF9, 0x1B, 0x6E, 0xF0, 0xA0, 0x94, 0x0F, 0x5D, 0xF5, 0x98, 0x91, 0x67, 0xC8,
0x26, 0x3C, 0x45, 0xB6, 0xFC, 0x89, 0x5F, 0xA9, 0xB3, 0x43, 0x3E, 0x91, 0x96, 0x7C, 0xA3, 0x4E, 0x0B, 0x4A, 0x1B, 0x89, 0xC0,
0xC9, 0x85, 0x52, 0x97, 0xA6, 0xDA, 0x26, 0x5A, 0xCE, 0xF1, 0xAC, 0xA3, 0x05, 0x78, 0xE8, 0x43, 0xCC, 0x99, 0x40, 0xD1, 0x6C,
0x3D, 0xF8, 0xB6, 0x26, 0x37, 0x29, 0x7E, 0xC6, 0xCC, 0xD6, 0x34, 0x73, 0xEB, 0xAD, 0x01, 0x4B, 0x77, 0xB6, 0xEE, 0x7D, 0x49,
0x5A, 0x42, 0x6F, 0x81, 0xCE, 0xF5, 0xAF, 0x4C, 0x2A, 0xF6, 0x8E, 0x25, 0xFB, 0x84, 0xF2, 0x69, 0x0E, 0x0F, 0xA7, 0x6F, 0x60,
0x9B, 0xAE, 0xB6, 0x7B, 0xE3, 0x91, 0x29, 0x9E, 0xB4, 0xE1, 0x0F, 0x25, 0x93, 0x1C, 0x3D, 0xA1, 0xE6, 0x2F, 0xEB, 0x5A, 0x60,
0xC9, 0xE2, 0xFC, 0x30, 0x83, 0x5D, 0x13, 0xAE, 0x2A, 0xCE, 0x88, 0xAE, 0xE3, 0xD2, 0x01, 0x03, 0xB2, 0xE2, 0x3A, 0x00, 0xE2,
0x24, 0x0E, 0x9C, 0xCA, 0x1E, 0xEB, 0xD7, 0x13, 0xE0, 0x94, 0x19, 0x1B, 0xEA, 0x3C, 0x5D, 0xA2, 0xCD, 0xA5, 0x58, 0x56, 0xB0,
0x10, 0xBD, 0x6D, 0x2C, 0x6F, 0xB7, 0x7A, 0xBD, 0x5E, 0x4B, 0xB9, 0x99, 0xAC, 0x4C, 0x2F, 0x8F, 0x29, 0xB4, 0x8A, 0x2A, 0x32,
0x88, 0x32, 0xBF, 0xCC, 0xBB, 0xB8, 0xD7, 0x9F, 0x76, 0x49, 0xEB, 0x5D, 0xFC, 0xFF, 0xFE, 0xCF, 0xFF, 0x6D, 0xC9, 0xD7, 0x98,
0xB2, 0x34, 0xCC, 0x32, 0x94, 0x46, 0x27, 0x02, 0x87, 0xEC, 0xAE, 0x0A, 0xD4, 0xC1, 0x2F, 0x7D, 0x0D, 0x4E, 0xF5, 0xC5, 0x12,
0x6B, 0x9A, 0x50, 0x31, 0xEA, 0x96, 0x5F, 0xC5, 0x20, 0x2E, 0x5F, 0xC0, 0x4B, 0xA3, 0x70, 0x4C, 0xA1, 0xB8, 0xBF, 0xEC, 0xFB,
0x30, 0xFF, 0x61, 0x39, 0x62, 0xF9, 0x78, 0x2F, 0x99, 0xB8, 0xBC, 0xF9, 0x2D, 0x15, 0xFC, 0x9E, 0x2E, 0x96, 0x88, 0x8B, 0x15,
0x6D, 0x70, 0xE1, 0xC2, 0x65, 0x6E, 0xB6, 0xD0, 0xF0, 0x56, 0x76, 0xEE, 0x5F, 0xFF, 0x22, 0x37, 0xCA, 0x0E, 0xD4, 0xE7, 0xF2,
0x2F, 0xAF, 0x2E, 0x19, 0xB3, 0x34, 0x25, 0x65, 0x3A, 0x7D, 0x7E, 0xB5, 0x45, 0xB6, 0x46, 0x26, 0x7F, 0x7D, 0x40, 0x54, 0xB7,
0x2A, 0x6F, 0x60, 0x6A, 0x83, 0x34, 0x34, 0xC3, 0x7E, 0x79, 0xCE, 0x5E, 0x2A, 0xA9, 0x40, 0xF3, 0xC9, 0x41, 0xE0, 0xE0, 0xEF,
0x76, 0xFF, 0xA0, 0xFD, 0xCE, 0xFF, 0xAE, 0xF3, 0xCE, 0xA5, 0x7F, 0x7A, 0x6F, 0xE4, 0xA7, 0xBE, 0xAD, 0x2F, 0x0C, 0x86, 0x6A,
0x41, 0x7B, 0x60, 0x1A, 0x09, 0x0F, 0x50, 0xA6, 0xCF, 0xBD, 0x5F, 0x92, 0x74, 0x87, 0x3C, 0x5F, 0xCE, 0x47, 0x41, 0xDA, 0xA6,
0x15, 0xDF, 0x6E, 0xBC, 0xEF, 0x74, 0xF1, 0x5E, 0x6B, 0xE3, 0xC3, 0xE6, 0xFB, 0x8E, 0x26, 0xE1, 0xF1, 0xBF, 0x37, 0x55, 0x70,
0xB6, 0xAA, 0xE0, 0xDC, 0x42, 0x38, 0x35, 0x16, 0x3E, 0x02, 0xAB, 0x14, 0x5E, 0x40, 0x51, 0x99, 0x6C, 0x84, 0x67, 0xE0, 0xCC,
0x9E, 0x07, 0xA7, 0x74, 0xB1, 0x6D, 0xB3, 0x49, 0xEF, 0x0A, 0x7A, 0x33, 0x91, 0x8B, 0xA4, 0xC1, 0x0A, 0xB9, 0xB4, 0xAB, 0x34,
0x27, 0x12, 0x2F, 0xCD, 0xDE, 0x18, 0x66, 0x54, 0x8E, 0x4C, 0xA5, 0xD6, 0x9E, 0x5A, 0xA7, 0xFA, 0xEE, 0x11, 0xAD, 0x32, 0x22,
0x41, 0xAE, 0x8C, 0xCF, 0x2B, 0x46, 0xC7, 0xB9, 0x79, 0xA8, 0x10, 0x4F, 0xBB, 0xBC, 0x9C, 0xA5, 0x8A, 0xD7, 0xF4, 0x1A, 0x12,
0x07, 0x54, 0x31, 0x8B, 0xCC, 0x29, 0x2B, 0xAE, 0xBC, 0xD0, 0x98, 0x82, 0x73, 0x26, 0xC8, 0x1A, 0x6A, 0xA3, 0xBE, 0x14, 0x8B,
0x30, 0x35, 0x93, 0x4E, 0xA5, 0x98, 0xA2, 0x83, 0x62, 0x26, 0xDD, 0x83, 0x0E, 0xBD, 0xF8, 0x52, 0xFD, 0xFE, 0xA6, 0xFC, 0xFE,
0xA6, 0xD3, 0x31, 0x67, 0x5A, 0xF4, 0x9A, 0xDF, 0x15, 0xDC, 0xFE, 0xB0, 0x1F, 0x73, 0x53, 0x2A, 0x4A, 0x4C, 0xD1, 0x77, 0x71,
0xC9, 0x0C, 0xA0, 0xE6, 0x02, 0x5A, 0x20, 0xDE, 0x09, 0x08, 0x55, 0x54, 0xF2, 0x5C, 0xBC, 0x6D, 0xE6, 0x10, 0xE3, 0x6A, 0x31,
0x36, 0xE1, 0xC5, 0x8F, 0x18, 0x85, 0x80, 0x15, 0x43, 0xBC, 0x40, 0x17, 0x83, 0xB7, 0x41, 0xD8, 0x72, 0x70, 0x31, 0x88, 0x65,
0x98, 0x5A, 0x28, 0x76, 0x88, 0x57, 0xEB, 0x46, 0xA2, 0xA8, 0x37, 0x4A, 0x60, 0xB7, 0x8A, 0x70, 0xD6, 0xBA, 0xE1, 0xC6, 0x34,
0xE6, 0x8B, 0xEB, 0x4C, 0x92, 0xDC, 0xC3, 0xBB, 0x4C, 0x4A, 0x55, 0xED, 0xFB, 0x47, 0xC7, 0xA0, 0x6F, 0x75, 0x74, 0x6E, 0x74,
0xA1, 0x73, 0x31, 0x5E, 0x4B, 0x84, 0x2C, 0x00, 0x7F, 0xB8, 0xE2, 0x54, 0x51, 0x6E, 0x9E, 0x4D, 0xB1, 0x9C, 0x98, 0x5F, 0x78,
0xB4, 0x94, 0xA4, 0xCA, 0x13, 0xEA, 0x4E, 0x72, 0xD1, 0x16, 0xB3, 0x04, 0x87, 0x71, 0x98, 0x87, 0x1E, 0xBD, 0x70, 0x9D, 0x61,
0x04, 0x7A, 0xF6, 0x9D, 0xE5, 0xB6, 0x91, 0xCA, 0x6B, 0x7A, 0xAC, 0xF7, 0x45, 0xA8, 0x6A, 0xD9, 0xF3, 0x84, 0xC3, 0x96, 0xA7,
0x88, 0xFC, 0x23, 0x59, 0x12, 0xA4, 0xC4, 0x65, 0x46, 0x0D, 0xD1, 0xE5, 0xFA, 0xC7, 0xA7, 0x77, 0x2D, 0xE4, 0x7F, 0xB8, 0xB6,
0xFB, 0x7C, 0x0C, 0x96, 0x61, 0x78, 0xA2, 0xEA, 0x1C, 0x76, 0x14, 0x83, 0x7F, 0xF9, 0x68, 0x76, 0x88, 0xF3, 0xDD, 0x15, 0x2E,
0x66, 0x91, 0x6C, 0x52, 0x6F, 0xC2, 0x49, 0x68, 0x5C, 0x94, 0xA5, 0xF1, 0x40, 0x6B, 0x3F, 0x65, 0xA9, 0xFA, 0xB3, 0x25, 0xFF,
0x71, 0xEA, 0x81, 0xB4, 0x00, 0x5A, 0x1D, 0x23, 0x08, 0xF2, 0x26, 0x7C, 0x1C, 0x16, 0x2A, 0xEF, 0x83, 0x56, 0xA1, 0x4C, 0x6F,
0x0C, 0x50, 0x9B, 0x36, 0x03, 0xB3, 0x80, 0x26, 0x83, 0x14, 0x10, 0x7B, 0x0A, 0x6D, 0xAF, 0xA4, 0xCC, 0x26, 0x54, 0x59, 0x45,
0x91, 0xA2, 0x27, 0x5A, 0xE9, 0x3A, 0xAA, 0xA4, 0x23, 0x42, 0x6C, 0xE3, 0xA0, 0x56, 0x52, 0x64, 0x23, 0x3C, 0xF3, 0xDD, 0xD4,
0x11, 0xBD, 0xFE, 0xF5, 0xF2, 0xB8, 0x4E, 0xF9, 0xA6, 0x8C, 0x26, 0xA4, 0xA2, 0xB0, 0x9A, 0xA1, 0x9A, 0x6D, 0xE0, 0x4C, 0x3C,
0x5F, 0x3F, 0x9A, 0xBB, 0x1B, 0x9B, 0xB4, 0x17, 0x8D, 0x91, 0xCD, 0x87, 0x84, 0xE8, 0x66, 0x23, 0x5A, 0x1B, 0xE1, 0xFD, 0x3E,
0x79, 0x9D, 0x87, 0x11, 0x1E, 0x6E, 0x49, 0x17, 0x27, 0x90, 0x29, 0xE6, 0xA7, 0x45, 0x21, 0xEB, 0x9F, 0x83, 0x72, 0x19, 0x8E,
0xC9, 0x81, 0xB8, 0xAA, 0x9E, 0x6C, 0x63, 0x8E, 0x56, 0x2F, 0xCA, 0x2C, 0x9B, 0xA2, 0x83, 0x8C, 0xDD, 0x63, 0xCF, 0xCE, 0x9A,
0x32, 0x63, 0x87, 0x21, 0x21, 0x57, 0x58, 0x05, 0x5B, 0xCF, 0x58, 0x4F, 0xE5, 0x9D, 0x2F, 0x6A, 0x97, 0x34, 0xA5, 0x8B, 0xF4,
0x2E, 0x67, 0xD7, 0xCD, 0xB6, 0x3C, 0x1C, 0xBE, 0xF2, 0x81, 0xA5, 0xE3, 0xC6, 0x0B, 0x5E, 0xA4, 0xB7, 0x89, 0xB8, 0xAB, 0x1E,
0x35, 0x14, 0xA6, 0x92, 0x5C, 0xA8, 0x9F, 0xE9, 0x92, 0x21, 0x7D, 0x2D, 0x05, 0x8F, 0xF0, 0x50, 0xCF, 0xA4, 0x35, 0x1B, 0xD0,
0x74, 0x48, 0x1D, 0xB8, 0xC8, 0x32, 0x0E, 0x7F, 0x5D, 0x06, 0xE4, 0xC9, 0x43, 0x2A, 0x4E, 0x90, 0x96, 0x28, 0x3A, 0x8C, 0xDB,
0x1F, 0xBC, 0x88, 0x1E, 0x6F, 0xB5, 0x46, 0x0C, 0x27, 0x3D, 0xBC, 0xDB, 0x15, 0xCD, 0x22, 0x2E, 0x2C, 0x5B, 0x8A, 0xE3, 0xA4,
0x54, 0xE3, 0x87, 0x7C, 0x1E, 0xC9, 0x19, 0x5F, 0xE4, 0x5C, 0x22, 0xB4, 0x00, 0x99, 0x78, 0x7E, 0xE0, 0x90, 0xD0, 0x47, 0x6F,
0x7B, 0xDE, 0xC8, 0x05, 0xDE, 0x28, 0x3B, 0xA2, 0x69, 0x26, 0x86, 0x4E, 0x6F, 0xC3, 0x01, 0xC9, 0x1C, 0x7A, 0xBD, 0x08, 0xDD,
0x95, 0x60, 0x9B, 0x32, 0x3A, 0x97, 0x8B, 0x52, 0x27, 0x26, 0x5E, 0x62, 0x16, 0xFA, 0x7E, 0x10, 0x0F, 0x1D, 0x74, 0x2A, 0x71,
0xE8, 0x5E, 0xA2, 0x37, 0xCA, 0x7A, 0x23, 0x6F, 0xFC, 0xD1, 0x4F, 0x93, 0xC5, 0xD0, 0xA1, 0x36, 0xC6, 0xB1, 0x9C, 0x99, 0xC4,
0xE8, 0x4E, 0xCF, 0x0F, 0x3D, 0xD8, 0x13, 0x10, 0xF9, 0xA1, 0x37, 0xE6, 0xF7, 0x91, 0xA8, 0x39, 0x4D, 0xCC, 0xBA, 0xFC, 0x1A,
0x60, 0x3D, 0xF5, 0x89, 0x59, 0x90, 0x1D, 0x83, 0x98, 0x29, 0x52, 0xEE, 0xCF, 0xB6, 0xD5, 0x82, 0x94, 0xA6, 0x74, 0xEC, 0xB0,
0x21, 0xEF, 0xDD, 0xFC, 0x44, 0xBF, 0x5E, 0xDC, 0xEF, 0xCF, 0xB6, 0x4D, 0x48, 0x3C, 0xD1, 0x07, 0x12, 0xD9, 0xD0, 0x61, 0x0F,
0x8E, 0x94, 0xF6, 0xA3, 0x37, 0x8E, 0x92, 0x4C, 0x42, 0x12, 0xEC, 0xBB, 0xE7, 0x61, 0xD1, 0xAE, 0x8C, 0xF1, 0xA1, 0x73, 0x48,
0x8B, 0x56, 0xA5, 0xF4, 0xB0, 0x25, 0xED, 0x30, 0x47, 0x8C, 0x0C, 0x50, 0xA4, 0x11, 0x3C, 0x9D, 0x85, 0x79, 0xD0, 0xCB, 0x16,
0xB0, 0x93, 0xDE, 0x21, 0x8B, 0x34, 0xE8, 0x9D, 0x02, 0x17, 0xEE, 0xE2, 0x88, 0xB0, 0xD8, 0x45, 0x33, 0x88, 0x13, 0x60, 0x5F,
0x1B, 0x0E, 0x6F, 0x7E, 0xCA, 0xC5, 0x35, 0xCC, 0xAD, 0x31, 0xE3, 0x98, 0x16, 0xE6, 0xB6, 0x5C, 0x85, 0x11, 0x96, 0x1C, 0xAC,
0xCC, 0xE6, 0x52, 0x85, 0x19, 0x75, 0x2E, 0x7A, 0x14, 0x97, 0x94, 0xF3, 0x9C, 0x52, 0x69, 0x63, 0x78, 0xFA, 0xC0, 0x8E, 0xC7,
0xD6, 0x9D, 0x1A, 0xDA, 0x11, 0x91, 0x42, 0xC8, 0xD6, 0x5C, 0xF2, 0x91, 0x4E, 0xBE, 0x6D, 0x94, 0xAD, 0x17, 0x3F, 0xD2, 0x43,
0x39, 0x3A, 0x65, 0x98, 0x48, 0xA8, 0xE1, 0x94, 0xE9, 0x6F, 0xD4, 0x67, 0xF6, 0xF4, 0x41, 0xE2, 0xF0, 0xE2, 0x20, 0x07, 0x27,
0xCC, 0x05, 0x4D, 0x16, 0x44, 0xD8, 0xBE, 0xFF, 0x8B, 0x87, 0x9C, 0x82, 0x7E, 0xD1, 0xED, 0xD6, 0x28, 0x00, 0x61, 0x12, 0x04,
0x31, 0xDE, 0x99, 0x57, 0x48, 0x02, 0xDD, 0xE9, 0x82, 0x7E, 0xE0, 0x07, 0x41, 0x35, 0xA7, 0xA5, 0x7C, 0xF4, 0xC6, 0x25, 0x2F,
0x4C, 0x0E, 0xF1, 0x8B, 0x00, 0x47, 0x42, 0x9C, 0xBB, 0x4C, 0x62, 0xCB, 0xB0, 0x3B, 0x8A, 0x03, 0x45, 0x28, 0x56, 0x56, 0xC5,
0x0F, 0x66, 0x55, 0x88, 0xC7, 0x07, 0x63, 0x16, 0x3E, 0x74, 0x2C, 0xF9, 0xCF, 0x69, 0x02, 0x1D, 0x18, 0x73, 0x5B, 0xDF, 0x35,
0xAA, 0xAD, 0x6A, 0xF9, 0xC5, 0xF8, 0x50, 0xA8, 0xA1, 0x53, 0x39, 0x22, 0x29, 0xA4, 0xBE, 0x7C, 0xCB, 0x53, 0x47, 0x0B, 0xA2,
0x30, 0x49, 0x41, 0x59, 0xF5, 0x9B, 0x8E, 0x88, 0x91, 0xF1, 0x7A, 0xA3, 0xAA, 0xE9, 0x7A, 0xB9, 0x26, 0xB5, 0xAB, 0xD3, 0xF0,
0x88, 0x9F, 0xF2, 0x6C, 0x59, 0xDA, 0x67, 0x92, 0xDD, 0x1D, 0x51, 0x9F, 0x04, 0x2F, 0xB2, 0xE2, 0x17, 0x77, 0xA0, 0x32, 0x92,
0xBF, 0xFD, 0x96, 0xAC, 0x40, 0x4C, 0x55, 0x0F, 0xCB, 0x44, 0xD6, 0xD5, 0x00, 0xD9, 0xAA, 0x6D, 0x82, 0x33, 0x66, 0x4B, 0xD9,
0x9F, 0x28, 0xC3, 0x64, 0x49, 0x96, 0xAA, 0x26, 0x56, 0xE0, 0x95, 0x1E, 0xCD, 0x1A, 0x33, 0xCE, 0x55, 0x04, 0xDD, 0xE3, 0xDE,
0xBC, 0xCC, 0xC3, 0xF0, 0x9C, 0x5F, 0xC1, 0x63, 0xC6, 0x96, 0xB1, 0x66, 0x7E, 0xE5, 0x8D, 0x57, 0x57, 0xA8, 0x2D, 0xB5, 0x8A,
0xD9, 0x9B, 0x14, 0xDD, 0xB3, 0x53, 0xAA, 0x68, 0x78, 0x31, 0xA1, 0x9A, 0x1F, 0x79, 0x56, 0x6A, 0x1B, 0x85, 0xEE, 0x55, 0xA8,
0x92, 0x5C, 0xEB, 0xA3, 0x4B, 0xDD, 0xB0, 0xF5, 0xB0, 0xB8, 0x83, 0x9E, 0xD0, 0x70, 0xAE, 0x56, 0x97, 0xB7, 0x3A, 0x1C, 0x98,
0x07, 0xE2, 0x28, 0x15, 0x5E, 0xA6, 0x09, 0x48, 0xEF, 0x00, 0xB5, 0xD8, 0x24, 0x3A, 0xD1, 0x5D, 0xE2, 0x65, 0x0D, 0x8F, 0xAD,
0xA6, 0xEC, 0x42, 0xCF, 0xA2, 0x55, 0x76, 0x43, 0x29, 0x53, 0xD0, 0x78, 0x4B, 0xDD, 0x62, 0x92, 0x77, 0x38, 0xD0, 0xAE, 0xA0,
0x22, 0xF1, 0xE2, 0x42, 0x9B, 0xD2, 0x5A, 0x2C, 0x10, 0xA1, 0xD6, 0xD9, 0xD1, 0x20, 0x08, 0x4A, 0x45, 0x84, 0xD0, 0xAE, 0x1B,
0x8E, 0x5E, 0x0C, 0xBF, 0x53, 0x37, 0x7E, 0x79, 0x66, 0x19, 0x2E, 0x4C, 0xEB, 0x8B, 0xE8, 0x85, 0x52, 0x16, 0x91, 0x54, 0x72,
0x98, 0xFA, 0x8D, 0xE3, 0xCC, 0xCA, 0x24, 0x3B, 0x9C, 0x89, 0x79, 0xE7, 0x98, 0x2F, 0x70, 0xD7, 0xC6, 0x9E, 0x7A, 0x49, 0xE6,
0xC3, 0x6D, 0x97, 0x29, 0x12, 0xC2, 0x71, 0xE5, 0xCA, 0xC6, 0x69, 0xB8, 0xC8, 0xE9, 0x52, 0x76, 0x9F, 0xFD, 0x66, 0xD9, 0x8D,
0x45, 0xBC, 0xD2, 0xD8, 0x8F, 0xDD, 0x5F, 0x32, 0x1F, 0xEF, 0xD5, 0x4E, 0xDD, 0x38, 0xC8, 0xFB, 0xF1, 0x62, 0xDE, 0x2F, 0xD6,
0x92, 0xBF, 0x6D, 0xBB, 0x5B, 0xEE, 0x5D, 0x58, 0xFE, 0xB2, 0xBC, 0xFF, 0x4B, 0x56, 0xBE, 0x77, 0x47, 0x4B, 0xDC, 0xC6, 0xE1,
0xD1, 0x1B, 0xD4, 0x86, 0x55, 0x1A, 0x14, 0xBF, 0x29, 0x9A, 0xCD, 0x41, 0xC9, 0x9C, 0x79, 0x5B, 0x77, 0x6F, 0xF5, 0x1E, 0xFF,
0x78, 0x9E, 0x3C, 0x7A, 0x9C, 0xA4, 0x87, 0xDF, 0x47, 0xE7, 0x27, 0xA7, 0x67, 0xF7, 0x7E, 0xF8, 0x65, 0x70, 0xEF, 0xEF, 0xE3,
0x7F, 0xC4, 0x5B, 0xF1, 0xC9, 0x9D, 0xD3, 0xF0, 0xE5, 0x4F, 0xD1, 0x6F, 0x77, 0xFE, 0xF1, 0x8F, 0xD3, 0xBF, 0xA7, 0x6F, 0x7E,
0x1A, 0xFF, 0xF7, 0x8F, 0xFD, 0x83, 0x79, 0xFC, 0xD3, 0xC3, 0xB3, 0x67, 0xDF, 0x3D, 0xDC, 0xCC, 0xC6, 0xFF, 0x35, 0x7A, 0x72,
0x7C, 0xF6, 0x04, 0x34, 0x82, 0x34, 0xC9, 0xB2, 0x24, 0x0D, 0xA7, 0x21, 0xA8, 0xB4, 0x5E, 0x9C, 0xC4, 0xE7, 0xF3, 0x64, 0x99,
0xA1, 0x1E, 0x56, 0x8C, 0x09, 0xD6, 0x77, 0x98, 0x16, 0xFA, 0x63, 0x06, 0xCB, 0xEB, 0xDE, 0xFF, 0x07, 0x1E, 0xDF, 0x08, 0x46,
0x93, 0x89, 0x01, 0x00
};
